osm_id,facility_name,latitude,longitude,parking_type,fee,capacity,operating_hours,access,facility_name_clean,category,zone,operator_tier,pricing_source,tariff_model,base_rate_kes,penalty_fee_kes,county_cost_basis_kes,security_score,accessibility_score,price_transparency_score,overall_rating,sentiment_data_source,time_period,current_speed_kmh,free_flow_speed_kmh,traffic_delay_index,traffic_data_source,total_capacity_bays,capacity_is_reported,distance_to_cbd_km,tier,relative_parking_pressure_index,historical_occupancy_reference_pct,historical_reference_source,validation_status,parking_pressure_score,curb_length_m,estimated_capacity,capacity_source,capacity_fetch_status,cluster_id
1548466196,Unnamed Parking,-1.3246963,36.84856783333333,street_side,unknown,,24/7,public,"Parking Spot (-1.3247, 36.8486)",On-Street,Zone I,county_on_street,NCCG_official_on_street,NCCG Zone I - Saloon Daily Flat Fee,300.0,2000.0,535,,,,,unavailable_no_review_data,Peak,42,42,1.0,tomtom_flow_api,,False,5.808470543056271,tier2_other,0.0,,,no_ground_truth_reference_available,,70.0,14,estimated_from_street_length_ITDP_methodology,ok_way,1548466197
1548466197,Unnamed Parking,-1.3249668666666667,36.84859611111111,street_side,unknown,,24/7,public,"Parking Spot (-1.3250, 36.8486)",On-Street,Zone I,county_on_street,NCCG_official_on_street,NCCG Zone I - Saloon Daily Flat Fee,300.0,2000.0,535,,,,,unavailable_no_review_data,Peak,42,42,1.0,tomtom_flow_api,,False,5.83425130959051,tier2_other,0.0,,,no_ground_truth_reference_available,,228.0,46,estimated_from_street_length_ITDP_methodology,ok_way,1548466197
1549029426,Unnamed Parking,-1.3265058,36.84824091666667,street_side,unknown,,24/7,public,"Parking Spot (-1.3265, 36.8482)",On-Street,Zone I,county_on_street,NCCG_official_on_street,NCCG Zone I - Saloon Daily Flat Fee,300.0,2000.0,535,,,,,unavailable_no_review_data,Peak,43,64,1.49,tomtom_flow_api,,False,5.94768618838064,tier2_other,24.5,,,no_ground_truth_reference_available,,262.6,53,estimated_from_street_length_ITDP_methodology,ok_way,1549029426
1550656747,Unnamed Parking,-1.3303984400000002,36.86405446,street_side,unknown,,24/7,public,"Parking Spot (-1.3304, 36.8641)",On-Street,Zone II,county_on_street,NCCG_official_on_street,NCCG Zone II - Saloon Daily Flat Fee,100.0,2000.0,535,,,,,unavailable_no_review_data,Peak,39,66,1.69,tomtom_flow_api,,False,7.425574717000954,tier2_other,34.5,,,no_ground_truth_reference_available,,186.3,37,estimated_from_street_length_ITDP_methodology,ok_way,1550656747
1550656748,Unnamed Parking,-1.33025642,36.86587872,street_side,unknown,,24/7,public,"Parking Spot (-1.3303, 36.8659)",On-Street,Zone II,county_on_street,NCCG_official_on_street,NCCG Zone II - Saloon Daily Flat Fee,100.0,2000.0,535,,,,,unavailable_no_review_data,Peak,39,66,1.69,tomtom_flow_api,,False,7.559778157296008,tier2_other,34.5,,,no_ground_truth_reference_available,,1159.6,232,estimated_from_street_length_ITDP_methodology,ok_way,1550656750
1550656749,Unnamed Parking,-1.33026272,36.86509044,street_side,unknown,,24/7,public,"Parking Spot (-1.3303, 36.8651)",On-Street,Zone II,county_on_street,NCCG_official_on_street,NCCG Zone II - Saloon Daily Flat Fee,100.0,2000.0,535,,,,,unavailable_no_review_data,Peak,39,66,1.69,tomtom_flow_api,,False,7.497139089044269,tier2_other,34.5,,,no_ground_truth_reference_available,,168.8,34,estimated_from_street_length_ITDP_methodology,ok_way,1550656749
1550656750,Unnamed Parking,-1.3301224400000002,36.86611276,street_side,unknown,,24/7,public,"Parking Spot (-1.3301, 36.8661)",On-Street,Zone II,county_on_street,NCCG_official_on_street,NCCG Zone II - Saloon Daily Flat Fee,100.0,2000.0,535,,,,,unavailable_no_review_data,Peak,39,66,1.69,tomtom_flow_api,,False,7.568358221730056,tier2_other,34.5,,,no_ground_truth_reference_available,,173.2,35,estimated_from_street_length_ITDP_methodology,ok_way,1550656750
1550656751,Unnamed Parking,-1.32997708,36.86715564,street_side,unknown,,24/7,public,"Parking Spot (-1.3300, 36.8672)",On-Street,Zone II,county_on_street,NCCG_official_on_street,NCCG Zone II - Saloon Daily Flat Fee,100.0,2000.0,535,,,,,unavailable_no_review_data,Peak,39,66,1.69,tomtom_flow_api,,False,7.641929481136541,tier2_other,34.5,,,no_ground_truth_reference_available,,166.0,33,estimated_from_street_length_ITDP_methodology,ok_way,1550656751
1550656752,Unnamed Parking,-1.32984526,36.8681529,street_side,unknown,,24/7,public,"Parking Spot (-1.3298, 36.8682)",On-Street,Zone II,county_on_street,NCCG_official_on_street,NCCG Zone II - Saloon Daily Flat Fee,100.0,2000.0,535,,,,,unavailable_no_review_data,Peak,39,66,1.69,tomtom_flow_api,,False,7.713823386052068,tier2_other,34.5,,,no_ground_truth_reference_available,,177.5,35,estimated_from_street_length_ITDP_methodology,ok_way,1550656752
1550656753,Unnamed Parking,-1.32952312,36.86923844,street_side,unknown,,24/7,public,"Parking Spot (-1.3295, 36.8692)",On-Street,Zone II,county_on_street,NCCG_official_on_street,NCCG Zone II - Saloon Daily Flat Fee,100.0,2000.0,535,,,,,unavailable_no_review_data,Peak,39,66,1.69,tomtom_flow_api,,False,7.780013934374532,tier2_other,34.5,,,no_ground_truth_reference_available,,59.4,12,estimated_from_street_length_ITDP_methodology,ok_way,1550656754
1550656754,Unnamed Parking,-1.32950986,36.86929672,street_side,unknown,,24/7,public,"Parking Spot (-1.3295, 36.8693)",On-Street,Zone II,county_on_street,NCCG_official_on_street,NCCG Zone II - Saloon Daily Flat Fee,100.0,2000.0,535,,,,,unavailable_no_review_data,Peak,39,66,1.69,tomtom_flow_api,,False,7.783905364410426,tier2_other,34.5,,,no_ground_truth_reference_available,,52.3,10,estimated_from_street_length_ITDP_methodology,ok_way,1550656754
1550657963,Unnamed Parking,-1.33027524,36.86272318,street_side,unknown,,24/7,public,"Parking Spot (-1.3303, 36.8627)",On-Street,Zone II,county_on_street,NCCG_official_on_street,NCCG Zone II - Saloon Daily Flat Fee,100.0,2000.0,535,,,,,unavailable_no_review_data,Peak,39,66,1.69,tomtom_flow_api,,False,7.3116092780530835,tier2_other,34.5,,,no_ground_truth_reference_available,,140.4,28,estimated_from_street_length_ITDP_methodology,ok_way,1550657968
1550657964,Unnamed Parking,-1.33007822,36.86335712,street_side,unknown,,24/7,public,"Parking Spot (-1.3301, 36.8634)",On-Street,Zone II,county_on_street,NCCG_official_on_street,NCCG Zone II - Saloon Daily Flat Fee,100.0,2000.0,535,,,,,unavailable_no_review_data,Peak,39,66,1.69,tomtom_flow_api,,False,7.34556459137884,tier2_other,34.5,,,no_ground_truth_reference_available,,127.4,25,estimated_from_street_length_ITDP_methodology,ok_way,1550657965
1550657965,Unnamed Parking,-1.3298535399999998,36.8630918,street_side,unknown,,24/7,public,"Parking Spot (-1.3299, 36.8631)",On-Street,Zone II,county_on_street,NCCG_official_on_street,NCCG Zone II - Saloon Daily Flat Fee,100.0,2000.0,535,,,,,unavailable_no_review_data,Peak,39,66,1.69,tomtom_flow_api,,False,7.307048413115965,tier2_other,34.5,,,no_ground_truth_reference_available,,92.4,18,estimated_from_street_length_ITDP_methodology,ok_way,1550657965
1550657967,Unnamed Parking,-1.3306382142857145,36.86226122857143,street_side,unknown,,24/7,public,"Parking Spot (-1.3306, 36.8623)",On-Street,Zone II,county_on_street,NCCG_official_on_street,NCCG Zone II - Saloon Daily Flat Fee,100.0,2000.0,535,,,,,unavailable_no_review_data,Peak,39,66,1.69,tomtom_flow_api,,False,7.304797519742381,tier2_other,34.5,,,no_ground_truth_reference_available,,182.3,36,estimated_from_street_length_ITDP_methodology,ok_way,1550657968
1550657968,Unnamed Parking,-1.33045554,36.86269265999999,street_side,unknown,,24/7,public,"Parking Spot (-1.3305, 36.8627)",On-Street,Zone II,county_on_street,NCCG_official_on_street,NCCG Zone II - Saloon Daily Flat Fee,100.0,2000.0,535,,,,,unavailable_no_review_data,Peak,39,66,1.69,tomtom_flow_api,,False,7.323576161675263,tier2_other,34.5,,,no_ground_truth_reference_available,,93.3,19,estimated_from_street_length_ITDP_methodology,ok_way,1550657968
1550660256,Unnamed Parking,-1.3308001399999998,36.86040696,street_side,unknown,,24/7,public,"Parking Spot (-1.3308, 36.8604)",On-Street,Zone II,county_on_street,NCCG_official_on_street,NCCG Zone II - Saloon Daily Flat Fee,100.0,2000.0,535,,,,,unavailable_no_review_data,Peak,39,66,1.69,tomtom_flow_api,,False,7.176654942192282,tier2_other,34.5,,,no_ground_truth_reference_available,,289.6,58,estimated_from_street_length_ITDP_methodology,ok_way,1550660258
1550660258,Unnamed Parking,-1.3306897599999998,36.860700480000006,street_side,unknown,,24/7,public,"Parking Spot (-1.3307, 36.8607)",On-Street,Zone II,county_on_street,NCCG_official_on_street,NCCG Zone II - Saloon Daily Flat Fee,100.0,2000.0,535,,,,,unavailable_no_review_data,Peak,39,66,1.69,tomtom_flow_api,,False,7.18978538529563,tier2_other,34.5,,,no_ground_truth_reference_available,,80.1,16,estimated_from_street_length_ITDP_methodology,ok_way,1550660258
1547764674,Unnamed Parking,-1.3271075800000005,36.87083512,street_side,unknown,,24/7,public,"Parking Spot (-1.3271, 36.8708)",On-Street,Zone II,county_on_street,NCCG_official_on_street,NCCG Zone II - Saloon Daily Flat Fee,100.0,2000.0,535,,,,,unavailable_no_review_data,Peak,39,66,1.69,tomtom_flow_api,,False,7.742389128471351,tier2_other,34.5,,,no_ground_truth_reference_available,,114.0,23,estimated_from_street_length_ITDP_methodology,ok_way,1547764675
1547764675,Unnamed Parking,-1.3271152,36.87095924285713,street_side,unknown,,24/7,public,"Parking Spot (-1.3271, 36.8710)",On-Street,Zone II,county_on_street,NCCG_official_on_street,NCCG Zone II - Saloon Daily Flat Fee,100.0,2000.0,535,,,,,unavailable_no_review_data,Peak,39,66,1.69,tomtom_flow_api,,False,7.753651436905445,tier2_other,34.5,,,no_ground_truth_reference_available,,123.1,25,estimated_from_street_length_ITDP_methodology,ok_way,1547764675
1547764676,Unnamed Parking,-1.3286431,36.87071835,street_side,unknown,,24/7,public,"Parking Spot (-1.3286, 36.8707)",On-Street,Zone II,county_on_street,NCCG_official_on_street,NCCG Zone II - Saloon Daily Flat Fee,100.0,2000.0,535,,,,,unavailable_no_review_data,Peak,39,66,1.69,tomtom_flow_api,,False,7.840987298989972,tier2_other,34.5,,,no_ground_truth_reference_available,,119.8,24,estimated_from_street_length_ITDP_methodology,ok_way,1550660821
1547764677,Unnamed Parking,-1.328900327272727,36.87061672727272,street_side,unknown,,24/7,public,"Parking Spot (-1.3289, 36.8706)",On-Street,Zone II,county_on_street,NCCG_official_on_street,NCCG Zone II - Saloon Daily Flat Fee,100.0,2000.0,535,,,,,unavailable_no_review_data,Peak,39,66,1.69,tomtom_flow_api,,False,7.850781402833356,tier2_other,34.5,,,no_ground_truth_reference_available,,248.9,50,estimated_from_street_length_ITDP_methodology,ok_way,1550660821
1547764686,Unnamed Parking,-1.32864496,36.87223766,street_side,unknown,,24/7,public,"Parking Spot (-1.3286, 36.8722)",On-Street,Zone II,county_on_street,NCCG_official_on_street,NCCG Zone II - Saloon Daily Flat Fee,100.0,2000.0,535,,,,,unavailable_no_review_data,Peak,39,66,1.69,tomtom_flow_api,,False,7.971206449386171,tier2_other,34.5,,,no_ground_truth_reference_available,,93.8,19,estimated_from_street_length_ITDP_methodology,ok_way,1550660821
1547764687,Unnamed Parking,-1.32870146,36.87193496,street_side,unknown,,24/7,public,"Parking Spot (-1.3287, 36.8719)",On-Street,Zone II,county_on_street,NCCG_official_on_street,NCCG Zone II - Saloon Daily Flat Fee,100.0,2000.0,535,,,,,unavailable_no_review_data,Peak,39,66,1.69,tomtom_flow_api,,False,7.949160621986158,tier2_other,34.5,,,no_ground_truth_reference_available,,92.7,19,estimated_from_street_length_ITDP_methodology,ok_way,1550660821
1547764688,Unnamed Parking,-1.32883882,36.871955660000005,street_side,unknown,,24/7,public,"Parking Spot (-1.3288, 36.8720)",On-Street,Zone II,county_on_street,NCCG_official_on_street,NCCG Zone II - Saloon Daily Flat Fee,100.0,2000.0,535,,,,,unavailable_no_review_data,Peak,39,66,1.69,tomtom_flow_api,,False,7.960644850671777,tier2_other,34.5,,,no_ground_truth_reference_available,,78.5,16,estimated_from_street_length_ITDP_methodology,ok_way,1550660821
1547764689,Unnamed Parking,-1.3289791666666666,36.87149026666666,street_side,unknown,,24/7,public,"Parking Spot (-1.3290, 36.8715)",On-Street,Zone II,county_on_street,NCCG_official_on_street,NCCG Zone II - Saloon Daily Flat Fee,100.0,2000.0,535,,,,,unavailable_no_review_data,Peak,39,66,1.69,tomtom_flow_api,,False,7.930778602768874,tier2_other,34.5,,,no_ground_truth_reference_available,,158.0,32,estimated_from_street_length_ITDP_methodology,ok_way,1550660821
1550660821,Unnamed Parking,-1.32890294,36.870956320000005,street_side,unknown,,24/7,public,"Parking Spot (-1.3289, 36.8710)",On-Street,Zone II,county_on_street,NCCG_official_on_street,NCCG Zone II - Saloon Daily Flat Fee,100.0,2000.0,535,,,,,unavailable_no_review_data,Peak,39,66,1.69,tomtom_flow_api,,False,7.879827355058371,tier2_other,34.5,,,no_ground_truth_reference_available,,62.9,13,estimated_from_street_length_ITDP_methodology,ok_way,1550660821
1147544484,Unnamed Parking,-1.29638415,36.7635842,street_side,unknown,,24/7,private,"Parking Spot (-1.2964, 36.7636)",On-Street,Zone I,county_on_street,NCCG_official_on_street,NCCG Zone I - Saloon Daily Flat Fee,300.0,2000.0,535,,,,,unavailable_no_review_data,Peak,78,78,1.0,tomtom_flow_api,,False,6.081309012419363,tier2_other,0.0,,,no_ground_truth_reference_available,,69.9,14,estimated_from_street_length_ITDP_methodology,ok_way,1147544484
1239066559,Unnamed Parking,-1.2983483,36.80226144,street_side,unknown,,24/7,public,"Parking Spot (-1.2983, 36.8023)",On-Street,Zone I,county_on_street,NCCG_official_on_street,NCCG Zone I - Saloon Daily Flat Fee,300.0,2000.0,535,,,,,unavailable_no_review_data,Peak,73,73,1.0,tomtom_flow_api,,False,2.3186676672289264,tier2_other,0.0,,,no_ground_truth_reference_available,,118.8,24,estimated_from_street_length_ITDP_methodology,ok_way,1239066560
1239066560,Unnamed Parking,-1.2982388142857142,36.802291585714286,street_side,unknown,,24/7,public,"Parking Spot (-1.2982, 36.8023)",On-Street,Zone I,county_on_street,NCCG_official_on_street,NCCG Zone I - Saloon Daily Flat Fee,300.0,2000.0,535,,,,,unavailable_no_review_data,Peak,73,73,1.0,tomtom_flow_api,,False,2.307569963199044,tier2_other,0.0,,,no_ground_truth_reference_available,,101.4,20,estimated_from_street_length_ITDP_methodology,ok_way,1239066560
382256363,Supa's Garage,-1.306461508333333,36.83415405833333,street_side,unknown,,24/7,public,Supa's Garage,On-Street,Zone I,county_on_street,NCCG_official_on_street,NCCG Zone I - Saloon Daily Flat Fee,300.0,2000.0,535,,,,,unavailable_no_review_data,Peak,51,59,1.16,tomtom_flow_api,,False,3.224545594250516,tier2_other,8.0,,,no_ground_truth_reference_available,,155.6,31,estimated_from_street_length_ITDP_methodology,ok_way,382256363
1004336474,Unnamed Parking,-1.30709796,36.83481728,street_side,unknown,,24/7,public,"Parking Spot (-1.3071, 36.8348)",On-Street,Zone I,county_on_street,NCCG_official_on_street,NCCG Zone I - Saloon Daily Flat Fee,300.0,2000.0,535,,,,,unavailable_no_review_data,Peak,51,59,1.16,tomtom_flow_api,,False,3.325473912343335,tier2_other,8.0,,,no_ground_truth_reference_available,,78.7,16,estimated_from_street_length_ITDP_methodology,ok_way,1550083504
1004336475,Unnamed Parking,-1.3070281142857143,36.833702114285714,street_side,unknown,,24/7,public,"Parking Spot (-1.3070, 36.8337)",On-Street,Zone I,county_on_street,NCCG_official_on_street,NCCG Zone I - Saloon Daily Flat Fee,300.0,2000.0,535,,,,,unavailable_no_review_data,Peak,41,41,1.0,tomtom_flow_api,,False,3.245573261452899,tier2_other,0.0,,,no_ground_truth_reference_available,,130.8,26,estimated_from_street_length_ITDP_methodology,ok_way,1004336475
1550083504,Unnamed Parking,-1.3071777,36.83468266,street_side,unknown,,24/7,public,"Parking Spot (-1.3072, 36.8347)",On-Street,Zone I,county_on_street,NCCG_official_on_street,NCCG Zone I - Saloon Daily Flat Fee,300.0,2000.0,535,,,,,unavailable_no_review_data,Peak,51,59,1.16,tomtom_flow_api,,False,3.323510859111026,tier2_other,8.0,,,no_ground_truth_reference_available,,66.7,13,estimated_from_street_length_ITDP_methodology,ok_way,1550083504
1550329428,Unnamed Parking,-1.3053007600000002,36.83928672,street_side,unknown,,24/7,public,"Parking Spot (-1.3053, 36.8393)",On-Street,Zone I,county_on_street,NCCG_official_on_street,NCCG Zone I - Saloon Daily Flat Fee,300.0,2000.0,535,,,,,unavailable_no_review_data,Peak,51,59,1.16,tomtom_flow_api,,False,3.5056095379752708,tier2_other,8.0,,,no_ground_truth_reference_available,,53.5,11,estimated_from_street_length_ITDP_methodology,ok_way,1550329430
1550329429,Unnamed Parking,-1.3053863,36.83934372,street_side,unknown,,24/7,public,"Parking Spot (-1.3054, 36.8393)",On-Street,Zone I,county_on_street,NCCG_official_on_street,NCCG Zone I - Saloon Daily Flat Fee,300.0,2000.0,535,,,,,unavailable_no_review_data,Peak,60,60,1.0,tomtom_flow_api,,False,3.516786459264229,tier2_other,0.0,,,no_ground_truth_reference_available,,67.6,14,estimated_from_street_length_ITDP_methodology,ok_way,1550329430
1550329430,Unnamed Parking,-1.3052107200000005,36.83910741999999,street_side,unknown,,24/7,public,"Parking Spot (-1.3052, 36.8391)",On-Street,Zone I,county_on_street,NCCG_official_on_street,NCCG Zone I - Saloon Daily Flat Fee,300.0,2000.0,535,,,,,unavailable_no_review_data,Peak,28,28,1.0,tomtom_flow_api,,False,3.484352881400352,tier2_other,0.0,,,no_ground_truth_reference_available,,55.0,11,estimated_from_street_length_ITDP_methodology,ok_way,1550329430
5383782003,Engineers Board of Kenya,-1.2918266,36.8125679,street_side,unknown,,24/7,public,Engineers Board of Kenya,On-Street,Zone I,county_on_street,NCCG_official_on_street,NCCG Zone I - Saloon Daily Flat Fee,300.0,2000.0,535,,,,,unavailable_no_review_data,Peak,73,73,1.0,tomtom_flow_api,,False,1.0535303374379807,tier1_cbd,0.0,92.0,"ITDP Nairobi CBD Parking Survey, 2016, zones 1-3 average at 12:00-13:00 weekday",historical_reference_available_not_facility_specific,,,1,single_node_assumed_1_space,ok_node,5383782003
1412128799,Unnamed Parking,-1.30045552,36.81276458,street_side,unknown,,24/7,public,"Parking Spot (-1.3005, 36.8128)",On-Street,Zone I,county_on_street,NCCG_official_on_street,NCCG Zone I - Saloon Daily Flat Fee,300.0,2000.0,535,,,,,unavailable_no_review_data,Peak,29,48,1.66,tomtom_flow_api,,False,1.957130290783197,tier2_other,33.0,,,no_ground_truth_reference_available,,52.2,10,estimated_from_street_length_ITDP_methodology,ok_way,1412128799
1412128800,Unnamed Parking,-1.29960762,36.81295018,street_side,unknown,,24/7,public,"Parking Spot (-1.2996, 36.8130)",On-Street,Zone I,county_on_street,NCCG_official_on_street,NCCG Zone I - Saloon Daily Flat Fee,300.0,2000.0,535,,,,,unavailable_no_review_data,Peak,73,73,1.0,tomtom_flow_api,,False,1.860622010717069,tier2_other,0.0,,,no_ground_truth_reference_available,,136.6,27,estimated_from_street_length_ITDP_methodology,ok_way,1412128800
1547706891,Unnamed Parking,-1.29047958,36.81965914,street_side,unknown,,24/7,public,"Parking Spot (-1.2905, 36.8197)",On-Street,Zone I,county_on_street,NCCG_official_on_street,NCCG Zone I - Saloon Daily Flat Fee,300.0,2000.0,535,,,,,unavailable_no_review_data,Peak,25,45,1.8,tomtom_flow_api,,False,0.8634517808100831,tier1_cbd,40.0,92.0,"ITDP Nairobi CBD Parking Survey, 2016, zones 1-3 average at 12:00-13:00 weekday",historical_reference_available_not_facility_specific,,138.2,28,estimated_from_street_length_ITDP_methodology,ok_way,1547706891
1547706892,Unnamed Parking,-1.29031122,36.8205133,street_side,unknown,,24/7,public,"Parking Spot (-1.2903, 36.8205)",On-Street,Zone I,county_on_street,NCCG_official_on_street,NCCG Zone I - Saloon Daily Flat Fee,300.0,2000.0,535,,,,,unavailable_no_review_data,Peak,25,45,1.8,tomtom_flow_api,,False,0.8874102635167664,tier1_cbd,40.0,92.0,"ITDP Nairobi CBD Parking Survey, 2016, zones 1-3 average at 12:00-13:00 weekday",historical_reference_available_not_facility_specific,,101.4,20,estimated_from_street_length_ITDP_methodology,ok_way,1550082489
1547706894,Unnamed Parking,-1.2901461166666666,36.82060346666666,street_side,unknown,,24/7,public,"Parking Spot (-1.2901, 36.8206)",On-Street,Zone I,county_on_street,NCCG_official_on_street,NCCG Zone I - Saloon Daily Flat Fee,300.0,2000.0,535,,,,,unavailable_no_review_data,Peak,25,45,1.8,tomtom_flow_api,,False,0.8762462333247645,tier1_cbd,40.0,92.0,"ITDP Nairobi CBD Parking Survey, 2016, zones 1-3 average at 12:00-13:00 weekday",historical_reference_available_not_facility_specific,,149.0,30,estimated_from_street_length_ITDP_methodology,ok_way,1550082489
1547706897,Unnamed Parking,-1.29016996,36.8207088,street_sideQ3295867,unknown,,24/7,public,"Parking Spot (-1.2902, 36.8207)",On-Street,Zone I,county_on_street,NCCG_official_on_street,NCCG Zone I - Saloon Daily Flat Fee,300.0,2000.0,535,,,,,unavailable_no_review_data,Peak,25,45,1.8,tomtom_flow_api,,False,0.884392776023604,tier1_cbd,40.0,92.0,"ITDP Nairobi CBD Parking Survey, 2016, zones 1-3 average at 12:00-13:00 weekday",historical_reference_available_not_facility_specific,,163.6,33,estimated_from_street_length_ITDP_methodology,ok_way,1550082489
1547762849,Unnamed Parking,-1.3021613500000002,36.82541956666667,street_side,unknown,,24/7,public,"Parking Spot (-1.3022, 36.8254)",On-Street,Zone I,county_on_street,NCCG_official_on_street,NCCG Zone I - Saloon Daily Flat Fee,300.0,2000.0,535,,,,,unavailable_no_review_data,Peak,22,43,1.95,tomtom_flow_api,,False,2.310454701546909,tier2_other,47.5,,,no_ground_truth_reference_available,,677.9,136,estimated_from_street_length_ITDP_methodology,ok_way,1547762849
1550082489,Unnamed Parking,-1.29000664,36.82072646,street_side,unknown,,24/7,public,"Parking Spot (-1.2900, 36.8207)",On-Street,Zone I,county_on_street,NCCG_official_on_street,NCCG Zone I - Saloon Daily Flat Fee,300.0,2000.0,535,,,,,unavailable_no_review_data,Peak,25,45,1.8,tomtom_flow_api,,False,0.8697634599916736,tier1_cbd,40.0,92.0,"ITDP Nairobi CBD Parking Survey, 2016, zones 1-3 average at 12:00-13:00 weekday",historical_reference_available_not_facility_specific,,166.7,33,estimated_from_street_length_ITDP_methodology,ok_way,1550082489
1550082494,Unnamed Parking,-1.29010154,36.8265125,street_side,unknown,,24/7,public,"Parking Spot (-1.2901, 36.8265)",On-Street,Zone I,county_on_street,NCCG_official_on_street,NCCG Zone I - Saloon Daily Flat Fee,300.0,2000.0,535,,,,,unavailable_no_review_data,Peak,82,82,1.0,tomtom_flow_api,,False,1.3273598410858602,tier2_other,0.0,,,no_ground_truth_reference_available,,285.7,57,estimated_from_street_length_ITDP_methodology,ok_way,1550082494
1550082496,Unnamed Parking,-1.2899900599999998,36.82733304,street_side,unknown,,24/7,public,"Parking Spot (-1.2900, 36.8273)",On-Street,Zone I,county_on_street,NCCG_official_on_street,NCCG Zone I - Saloon Daily Flat Fee,300.0,2000.0,535,,,,,unavailable_no_review_data,Peak,7,48,3.0,tomtom_flow_api,,False,1.3966429698150018,tier2_other,100.0,,,no_ground_truth_reference_available,,59.2,12,estimated_from_street_length_ITDP_methodology,ok_way,1550082495
1550082497,Unnamed Parking,-1.29054996,36.82738002000001,street_side,unknown,,24/7,public,"Parking Spot (-1.2905, 36.8274)",On-Street,Zone I,county_on_street,NCCG_official_on_street,NCCG Zone I - Saloon Daily Flat Fee,300.0,2000.0,535,,,,,unavailable_no_review_data,Peak,7,48,3.0,tomtom_flow_api,,False,1.435091958867833,tier2_other,100.0,,,no_ground_truth_reference_available,,41.1,8,estimated_from_street_length_ITDP_methodology,ok_way,1550082500
1550082498,Unnamed Parking,-1.29067772,36.82753246000001,street_side,unknown,,24/7,public,"Parking Spot (-1.2907, 36.8275)",On-Street,Zone I,county_on_street,NCCG_official_on_street,NCCG Zone I - Saloon Daily Flat Fee,300.0,2000.0,535,,,,,unavailable_no_review_data,Peak,7,48,3.0,tomtom_flow_api,,False,1.4570937824795809,tier2_other,100.0,,,no_ground_truth_reference_available,,38.1,8,estimated_from_street_length_ITDP_methodology,ok_way,1550082500
1550082499,Unnamed Parking,-1.2908503857142857,36.82733751428572,street_side,unknown,,24/7,public,"Parking Spot (-1.2909, 36.8273)",On-Street,Zone I,county_on_street,NCCG_official_on_street,NCCG Zone I - Saloon Daily Flat Fee,300.0,2000.0,535,,,,,unavailable_no_review_data,Peak,7,48,3.0,tomtom_flow_api,,False,1.4502646771735792,tier2_other,100.0,,,no_ground_truth_reference_available,,72.2,14,estimated_from_street_length_ITDP_methodology,ok_way,1550082500
1550082500,Unnamed Parking,-1.29121682,36.82766384,street_side,unknown,,24/7,public,"Parking Spot (-1.2912, 36.8277)",On-Street,Zone I,county_on_street,NCCG_official_on_street,NCCG Zone I - Saloon Daily Flat Fee,300.0,2000.0,535,,,,,unavailable_no_review_data,Peak,87,87,1.0,tomtom_flow_api,,False,1.5034819003938025,tier2_other,0.0,,,no_ground_truth_reference_available,,103.5,21,estimated_from_street_length_ITDP_methodology,ok_way,1550082500
1550329422,Unnamed Parking,-1.30342744,36.82982514,street_side,unknown,,24/7,public,"Parking Spot (-1.3034, 36.8298)",On-Street,Zone I,county_on_street,NCCG_official_on_street,NCCG Zone I - Saloon Daily Flat Fee,300.0,2000.0,535,,,,,unavailable_no_review_data,Peak,50,60,1.2,tomtom_flow_api,,False,2.6716773633980364,tier2_other,10.0,,,no_ground_truth_reference_available,,301.0,60,estimated_from_street_length_ITDP_methodology,ok_way,1550329424
1550329423,Unnamed Parking,-1.3028926,36.83088122,street_side,unknown,,24/7,public,"Parking Spot (-1.3029, 36.8309)",On-Street,Zone I,county_on_street,NCCG_official_on_street,NCCG Zone I - Saloon Daily Flat Fee,300.0,2000.0,535,,,,,unavailable_no_review_data,Peak,50,60,1.2,tomtom_flow_api,,False,2.689158108909327,tier2_other,10.0,,,no_ground_truth_reference_available,,185.6,37,estimated_from_street_length_ITDP_methodology,ok_way,1550329423
1550329424,Unnamed Parking,-1.3033880999999998,36.830216060000005,street_side,unknown,,24/7,public,"Parking Spot (-1.3034, 36.8302)",On-Street,Zone I,county_on_street,NCCG_official_on_street,NCCG Zone I - Saloon Daily Flat Fee,300.0,2000.0,535,,,,,unavailable_no_review_data,Peak,50,60,1.2,tomtom_flow_api,,False,2.692025655283316,tier2_other,10.0,,,no_ground_truth_reference_available,,55.7,11,estimated_from_street_length_ITDP_methodology,ok_way,1550329424
1552250767,Unnamed Parking,-1.29458456,36.87585452,street_side,unknown,,24/7,public,"Parking Spot (-1.2946, 36.8759)",On-Street,Zone II,county_on_street,NCCG_official_on_street,NCCG Zone II - Saloon Daily Flat Fee,100.0,2000.0,535,,,,,unavailable_no_review_data,Peak,42,56,1.33,tomtom_flow_api,,False,6.694662209754978,tier2_other,16.5,,,no_ground_truth_reference_available,,137.5,27,estimated_from_street_length_ITDP_methodology,ok_way,1552250768
1552250768,Unnamed Parking,-1.2944829800000002,36.87583522,street_side,unknown,,24/7,public,"Parking Spot (-1.2945, 36.8758)",On-Street,Zone II,county_on_street,NCCG_official_on_street,NCCG Zone II - Saloon Daily Flat Fee,100.0,2000.0,535,,,,,unavailable_no_review_data,Peak,42,56,1.33,tomtom_flow_api,,False,6.690446323217198,tier2_other,16.5,,,no_ground_truth_reference_available,,138.5,28,estimated_from_street_length_ITDP_methodology,ok_way,1552250768
77869529,Lavington Mall,-1.2798946636363633,36.77014844545455,street_side,yes,,24/7,customers,Lavington Mall,On-Street,Zone I,county_on_street,NCCG_official_on_street,NCCG Zone I - Saloon Daily Flat Fee,300.0,2000.0,535,,,,,unavailable_no_review_data,Peak,28,34,1.21,tomtom_flow_api,,False,5.188836500980839,tier2_other,10.5,,,no_ground_truth_reference_available,,243.4,49,estimated_from_street_length_ITDP_methodology,ok_way,1550276799
1054762876,Unnamed Parking,-1.2803955,36.769772,street_side,unknown,,24/7,public,"Parking Spot (-1.2804, 36.7698)",On-Street,Zone I,county_on_street,NCCG_official_on_street,NCCG Zone I - Saloon Daily Flat Fee,300.0,2000.0,535,,,,,unavailable_no_review_data,Peak,28,34,1.21,tomtom_flow_api,,False,5.226837204871108,tier2_other,10.5,,,no_ground_truth_reference_available,,282.9,57,estimated_from_street_length_ITDP_methodology,ok_way,1550276798
1550276794,Unnamed Parking,-1.28262354,36.76674676,street_side,unknown,,24/7,public,"Parking Spot (-1.2826, 36.7667)",On-Street,Zone I,county_on_street,NCCG_official_on_street,NCCG Zone I - Saloon Daily Flat Fee,300.0,2000.0,535,,,,,unavailable_no_review_data,Peak,38,47,1.24,tomtom_flow_api,,False,5.553663804110674,tier2_other,12.0,,,no_ground_truth_reference_available,,71.0,14,estimated_from_street_length_ITDP_methodology,ok_way,1550276796
1550276796,Unnamed Parking,-1.28284754,36.7664842,street_side,unknown,,24/7,public,"Parking Spot (-1.2828, 36.7665)",On-Street,Zone I,county_on_street,NCCG_official_on_street,NCCG Zone I - Saloon Daily Flat Fee,300.0,2000.0,535,,,,,unavailable_no_review_data,Peak,38,47,1.24,tomtom_flow_api,,False,5.5825688864790335,tier2_other,12.0,,,no_ground_truth_reference_available,,69.3,14,estimated_from_street_length_ITDP_methodology,ok_way,1550276796
1550276798,Unnamed Parking,-1.28011876,36.76960902,street_side,unknown,,24/7,public,"Parking Spot (-1.2801, 36.7696)",On-Street,Zone I,county_on_street,NCCG_official_on_street,NCCG Zone I - Saloon Daily Flat Fee,300.0,2000.0,535,,,,,unavailable_no_review_data,Peak,38,47,1.24,tomtom_flow_api,,False,5.246905742705018,tier2_other,12.0,,,no_ground_truth_reference_available,,143.4,29,estimated_from_street_length_ITDP_methodology,ok_way,1550276798
1550276799,Unnamed Parking,-1.27982164,36.77031446,street_side,unknown,,24/7,public,"Parking Spot (-1.2798, 36.7703)",On-Street,Zone I,county_on_street,NCCG_official_on_street,NCCG Zone I - Saloon Daily Flat Fee,300.0,2000.0,535,,,,,unavailable_no_review_data,Peak,28,34,1.21,tomtom_flow_api,,False,5.171031596936741,tier2_other,10.5,,,no_ground_truth_reference_available,,92.4,18,estimated_from_street_length_ITDP_methodology,ok_way,1550276799
1550276800,Unnamed Parking,-1.27893744,36.7705656,street_side,unknown,,24/7,public,"Parking Spot (-1.2789, 36.7706)",On-Street,Zone I,county_on_street,NCCG_official_on_street,NCCG Zone I - Saloon Daily Flat Fee,300.0,2000.0,535,,,,,unavailable_no_review_data,Peak,29,35,1.21,tomtom_flow_api,,False,5.151519306635329,tier2_other,10.5,,,no_ground_truth_reference_available,,41.4,8,estimated_from_street_length_ITDP_methodology,ok_way,1550276804
1550276801,Unnamed Parking,-1.2791222800000002,36.77045296,street_side,unknown,,24/7,public,"Parking Spot (-1.2791, 36.7705)",On-Street,Zone I,county_on_street,NCCG_official_on_street,NCCG Zone I - Saloon Daily Flat Fee,300.0,2000.0,535,,,,,unavailable_no_review_data,Peak,54,54,1.0,tomtom_flow_api,,False,5.162095305297579,tier2_other,0.0,,,no_ground_truth_reference_available,,48.3,10,estimated_from_street_length_ITDP_methodology,ok_way,1550276804
1550276802,Unnamed Parking,-1.27876712,36.770686780000005,street_side,unknown,,24/7,public,"Parking Spot (-1.2788, 36.7707)",On-Street,Zone I,county_on_street,NCCG_official_on_street,NCCG Zone I - Saloon Daily Flat Fee,300.0,2000.0,535,,,,,unavailable_no_review_data,Peak,29,35,1.21,tomtom_flow_api,,False,5.139930863706643,tier2_other,10.5,,,no_ground_truth_reference_available,,55.7,11,estimated_from_street_length_ITDP_methodology,ok_way,1550276804
1550276803,Unnamed Parking,-1.27870822,36.77071952,street_side,unknown,,24/7,public,"Parking Spot (-1.2787, 36.7707)",On-Street,Zone I,county_on_street,NCCG_official_on_street,NCCG Zone I - Saloon Daily Flat Fee,300.0,2000.0,535,,,,,unavailable_no_review_data,Peak,29,35,1.21,tomtom_flow_api,,False,5.136955699365687,tier2_other,10.5,,,no_ground_truth_reference_available,,50.5,10,estimated_from_street_length_ITDP_methodology,ok_way,1550276804
1550276804,Unnamed Parking,-1.27888172,36.77073638,street_side,unknown,,24/7,public,"Parking Spot (-1.2789, 36.7707)",On-Street,Zone I,county_on_street,NCCG_official_on_street,NCCG Zone I - Saloon Daily Flat Fee,300.0,2000.0,535,,,,,unavailable_no_review_data,Peak,28,34,1.21,tomtom_flow_api,,False,5.133208191568045,tier2_other,10.5,,,no_ground_truth_reference_available,,42.3,8,estimated_from_street_length_ITDP_methodology,ok_way,1550276804
1550749752,Unnamed Parking,-1.2859860399999998,36.79111092000001,street_side,unknown,,24/7,public,"Parking Spot (-1.2860, 36.7911)",On-Street,Zone I,county_on_street,NCCG_official_on_street,NCCG Zone I - Saloon Daily Flat Fee,300.0,2000.0,535,,,,,unavailable_no_review_data,Peak,73,73,1.0,tomtom_flow_api,,False,2.860297304489268,tier2_other,0.0,,,no_ground_truth_reference_available,,91.6,18,estimated_from_street_length_ITDP_methodology,ok_way,1550749752
248994836,Unnamed Parking,-1.2780427,36.81201245999999,street_side,unknown,,24/7,public,"Parking Spot (-1.2780, 36.8120)",On-Street,Zone I,county_on_street,NCCG_official_on_street,NCCG Zone I - Saloon Daily Flat Fee,300.0,2000.0,535,,,,,unavailable_no_review_data,Peak,12,37,3.0,tomtom_flow_api,,False,0.7831254181503213,tier1_cbd,100.0,92.0,"ITDP Nairobi CBD Parking Survey, 2016, zones 1-3 average at 12:00-13:00 weekday",historical_reference_available_not_facility_specific,,69.0,14,estimated_from_street_length_ITDP_methodology,ok_way,248995504
248995504,Unnamed Parking,-1.27832178,36.81225504,street_side,unknown,,24/7,public,"Parking Spot (-1.2783, 36.8123)",On-Street,Zone I,county_on_street,NCCG_official_on_street,NCCG Zone I - Saloon Daily Flat Fee,300.0,2000.0,535,,,,,unavailable_no_review_data,Peak,12,37,3.0,tomtom_flow_api,,False,0.7420166024104555,tier1_cbd,100.0,92.0,"ITDP Nairobi CBD Parking Survey, 2016, zones 1-3 average at 12:00-13:00 weekday",historical_reference_available_not_facility_specific,,97.4,19,estimated_from_street_length_ITDP_methodology,ok_way,248995504
696914132,Unnamed Parking,-1.280696811111111,36.81788815555555,street_side,unknown,,24/7,customers,"Parking Spot (-1.2807, 36.8179)",On-Street,Zone I,county_on_street,NCCG_official_on_street,NCCG Zone I - Saloon Daily Flat Fee,300.0,2000.0,535,,,,,unavailable_no_review_data,Peak,82,82,1.0,tomtom_flow_api,,False,0.3181729572584286,tier1_cbd,0.0,92.0,"ITDP Nairobi CBD Parking Survey, 2016, zones 1-3 average at 12:00-13:00 weekday",historical_reference_available_not_facility_specific,,79.2,16,estimated_from_street_length_ITDP_methodology,ok_way,1548270241
1475486402,Unnamed Parking,-1.282331211111111,36.81698324444445,street_side,unknown,,24/7,public,"Parking Spot (-1.2823, 36.8170)",On-Street,Zone I,county_on_street,NCCG_official_on_street,NCCG Zone I - Saloon Daily Flat Fee,300.0,2000.0,535,,,,,unavailable_no_review_data,Peak,45,45,1.0,tomtom_flow_api,,False,0.1122319383705204,tier1_cbd,0.0,92.0,"ITDP Nairobi CBD Parking Survey, 2016, zones 1-3 average at 12:00-13:00 weekday",historical_reference_available_not_facility_specific,,91.8,18,estimated_from_street_length_ITDP_methodology,ok_way,1475486403
1475486403,Unnamed Parking,-1.28214632,36.81686288,street_side,unknown,,24/7,public,"Parking Spot (-1.2821, 36.8169)",On-Street,Zone I,county_on_street,NCCG_official_on_street,NCCG Zone I - Saloon Daily Flat Fee,300.0,2000.0,535,,,,,unavailable_no_review_data,Peak,45,45,1.0,tomtom_flow_api,,False,0.1295549332042246,tier1_cbd,0.0,92.0,"ITDP Nairobi CBD Parking Survey, 2016, zones 1-3 average at 12:00-13:00 weekday",historical_reference_available_not_facility_specific,,44.4,9,estimated_from_street_length_ITDP_methodology,ok_way,1475486403
1548270241,Unnamed Parking,-1.2806762111111114,36.817940444444446,street_side,unknown,,24/7,customers,"Parking Spot (-1.2807, 36.8179)",On-Street,Zone I,county_on_street,NCCG_official_on_street,NCCG Zone I - Saloon Daily Flat Fee,300.0,2000.0,535,,,,,unavailable_no_review_data,Peak,82,82,1.0,tomtom_flow_api,,False,0.3226991019980788,tier1_cbd,0.0,92.0,"ITDP Nairobi CBD Parking Survey, 2016, zones 1-3 average at 12:00-13:00 weekday",historical_reference_available_not_facility_specific,,79.2,16,estimated_from_street_length_ITDP_methodology,ok_way,1548270241
1549267516,Unnamed Parking,-1.28942662,36.8235662,street_side,unknown,,24/7,public,"Parking Spot (-1.2894, 36.8236)",On-Street,Zone I,county_on_street,NCCG_official_on_street,NCCG Zone I - Saloon Daily Flat Fee,300.0,2000.0,535,,,,,unavailable_no_review_data,Peak,21,45,2.14,tomtom_flow_api,,False,1.0230925210905055,tier1_cbd,57.0,92.0,"ITDP Nairobi CBD Parking Survey, 2016, zones 1-3 average at 12:00-13:00 weekday",historical_reference_available_not_facility_specific,,142.2,28,estimated_from_street_length_ITDP_methodology,ok_way,1549267516
1549267525,Unnamed Parking,-1.28694306,36.82271592000001,street_side,unknown,,24/7,public,"Parking Spot (-1.2869, 36.8227)",On-Street,Zone I,county_on_street,NCCG_official_on_street,NCCG Zone I - Saloon Daily Flat Fee,300.0,2000.0,535,,,,,unavailable_no_review_data,Peak,21,45,2.14,tomtom_flow_api,,False,0.7818907129069186,tier1_cbd,57.0,92.0,"ITDP Nairobi CBD Parking Survey, 2016, zones 1-3 average at 12:00-13:00 weekday",historical_reference_available_not_facility_specific,,179.0,36,estimated_from_street_length_ITDP_methodology,ok_way,1549267526
1549267526,Unnamed Parking,-1.28703572,36.82276956,street_side,unknown,,24/7,public,"Parking Spot (-1.2870, 36.8228)",On-Street,Zone I,county_on_street,NCCG_official_on_street,NCCG Zone I - Saloon Daily Flat Fee,300.0,2000.0,535,,,,,unavailable_no_review_data,Peak,21,45,2.14,tomtom_flow_api,,False,0.7923497273626706,tier1_cbd,57.0,92.0,"ITDP Nairobi CBD Parking Survey, 2016, zones 1-3 average at 12:00-13:00 weekday",historical_reference_available_not_facility_specific,,178.0,36,estimated_from_street_length_ITDP_methodology,ok_way,1549267526
1549273027,Unnamed Parking,-1.2895380600000002,36.8217376,street_side,unknown,,24/7,public,"Parking Spot (-1.2895, 36.8217)",On-Street,Zone I,county_on_street,NCCG_official_on_street,NCCG Zone I - Saloon Daily Flat Fee,300.0,2000.0,535,,,,,unavailable_no_review_data,Peak,21,45,2.14,tomtom_flow_api,,False,0.8914894397349599,tier1_cbd,57.0,92.0,"ITDP Nairobi CBD Parking Survey, 2016, zones 1-3 average at 12:00-13:00 weekday",historical_reference_available_not_facility_specific,,194.2,39,estimated_from_street_length_ITDP_methodology,ok_way,1549273029
1549273028,Unnamed Parking,-1.28947968,36.82169202,street_side,unknown,,24/7,public,"Parking Spot (-1.2895, 36.8217)",On-Street,Zone I,county_on_street,NCCG_official_on_street,NCCG Zone I - Saloon Daily Flat Fee,300.0,2000.0,535,,,,,unavailable_no_review_data,Peak,21,45,2.14,tomtom_flow_api,,False,0.8832555984336793,tier1_cbd,57.0,92.0,"ITDP Nairobi CBD Parking Survey, 2016, zones 1-3 average at 12:00-13:00 weekday",historical_reference_available_not_facility_specific,,189.1,38,estimated_from_street_length_ITDP_methodology,ok_way,1549273029
1549273029,Unnamed Parking,-1.2893741200000002,36.82169772,street_side,unknown,,24/7,public,"Parking Spot (-1.2894, 36.8217)",On-Street,Zone I,county_on_street,NCCG_official_on_street,NCCG Zone I - Saloon Daily Flat Fee,300.0,2000.0,535,,,,,unavailable_no_review_data,Peak,21,45,2.14,tomtom_flow_api,,False,0.8745574755260717,tier1_cbd,57.0,92.0,"ITDP Nairobi CBD Parking Survey, 2016, zones 1-3 average at 12:00-13:00 weekday",historical_reference_available_not_facility_specific,,177.7,36,estimated_from_street_length_ITDP_methodology,ok_way,1549273029
1550834787,Unnamed Parking,-1.28857378,36.82270528,street_side,unknown,,24/7,public,"Parking Spot (-1.2886, 36.8227)",On-Street,Zone I,county_on_street,NCCG_official_on_street,NCCG Zone I - Saloon Daily Flat Fee,300.0,2000.0,535,,,,,unavailable_no_review_data,Peak,21,45,2.14,tomtom_flow_api,,False,0.888571873386752,tier1_cbd,57.0,92.0,"ITDP Nairobi CBD Parking Survey, 2016, zones 1-3 average at 12:00-13:00 weekday",historical_reference_available_not_facility_specific,,140.9,28,estimated_from_street_length_ITDP_methodology,ok_way,1550834788
1550834788,Unnamed Parking,-1.28852902,36.82268466000001,street_side,unknown,,24/7,public,"Parking Spot (-1.2885, 36.8227)",On-Street,Zone I,county_on_street,NCCG_official_on_street,NCCG Zone I - Saloon Daily Flat Fee,300.0,2000.0,535,,,,,unavailable_no_review_data,Peak,21,45,2.14,tomtom_flow_api,,False,0.8835678424548753,tier1_cbd,57.0,92.0,"ITDP Nairobi CBD Parking Survey, 2016, zones 1-3 average at 12:00-13:00 weekday",historical_reference_available_not_facility_specific,,141.3,28,estimated_from_street_length_ITDP_methodology,ok_way,1550834788
687468463,Unnamed Parking,-1.28956426,36.82645866,street_side,unknown,,24/7,public,"Parking Spot (-1.2896, 36.8265)",On-Street,Zone I,county_on_street,NCCG_official_on_street,NCCG Zone I - Saloon Daily Flat Fee,300.0,2000.0,535,,,,,unavailable_no_review_data,Peak,46,46,1.0,tomtom_flow_api,,False,1.2892110645201078,tier2_other,0.0,,,no_ground_truth_reference_available,,112.6,23,estimated_from_street_length_ITDP_methodology,ok_way,1548802455
1547874388,Unnamed Parking,-1.2898537600000002,36.82588194,street_side,unknown,,24/7,public,"Parking Spot (-1.2899, 36.8259)",On-Street,Zone I,county_on_street,NCCG_official_on_street,NCCG Zone I - Saloon Daily Flat Fee,300.0,2000.0,535,,,,,unavailable_no_review_data,Peak,82,82,1.0,tomtom_flow_api,,False,1.254174715021002,tier2_other,0.0,,,no_ground_truth_reference_available,,144.4,29,estimated_from_street_length_ITDP_methodology,ok_way,1547874388
1547874389,Unnamed Parking,-1.28856128,36.82697372,street_side,unknown,,24/7,public,"Parking Spot (-1.2886, 36.8270)",On-Street,Zone I,county_on_street,NCCG_official_on_street,NCCG Zone I - Saloon Daily Flat Fee,300.0,2000.0,535,,,,,unavailable_no_review_data,Peak,21,45,2.14,tomtom_flow_api,,False,1.283216583920767,tier2_other,57.0,,,no_ground_truth_reference_available,,119.9,24,estimated_from_street_length_ITDP_methodology,ok_way,1547874390
1547874390,Unnamed Parking,-1.28853536,36.827079100000006,street_side,unknown,,24/7,public,"Parking Spot (-1.2885, 36.8271)",On-Street,Zone I,county_on_street,NCCG_official_on_street,NCCG Zone I - Saloon Daily Flat Fee,300.0,2000.0,535,,,,,unavailable_no_review_data,Peak,21,45,2.14,tomtom_flow_api,,False,1.2923532349157352,tier2_other,57.0,,,no_ground_truth_reference_available,,115.9,23,estimated_from_street_length_ITDP_methodology,ok_way,1547874390
1547874391,Unnamed Parking,-1.28718232,36.82639210000001,street_side,unknown,,24/7,public,"Parking Spot (-1.2872, 36.8264)",On-Street,Zone I,county_on_street,NCCG_official_on_street,NCCG Zone I - Saloon Daily Flat Fee,300.0,2000.0,535,,,,,unavailable_no_review_data,Peak,21,45,2.14,tomtom_flow_api,,False,1.1607064811875034,tier1_cbd,57.0,92.0,"ITDP Nairobi CBD Parking Survey, 2016, zones 1-3 average at 12:00-13:00 weekday",historical_reference_available_not_facility_specific,,170.2,34,estimated_from_street_length_ITDP_methodology,ok_way,1547874391
1548802455,Unnamed Parking,-1.2892547,36.8267632,street_side,unknown,,24/7,public,"Parking Spot (-1.2893, 36.8268)",On-Street,Zone I,county_on_street,NCCG_official_on_street,NCCG Zone I - Saloon Daily Flat Fee,300.0,2000.0,535,,,,,unavailable_no_review_data,Peak,82,82,1.0,tomtom_flow_api,,False,1.2999605582768938,tier2_other,0.0,,,no_ground_truth_reference_available,,78.5,16,estimated_from_street_length_ITDP_methodology,ok_way,1548802455
1550082495,Unnamed Parking,-1.2899204000000002,36.82708,street_side,unknown,,24/7,public,"Parking Spot (-1.2899, 36.8271)",On-Street,Zone I,county_on_street,NCCG_official_on_street,NCCG Zone I - Saloon Daily Flat Fee,300.0,2000.0,535,,,,,unavailable_no_review_data,Peak,82,82,1.0,tomtom_flow_api,,False,1.368735812684317,tier2_other,0.0,,,no_ground_truth_reference_available,,37.0,7,estimated_from_street_length_ITDP_methodology,ok_way,1550082495
133548151,Dean and Lecturers Parking Lot,-1.26888122,36.81801148,street_side,unknown,,24/7,public,Dean and Lecturers Parking Lot,On-Street,Zone I,county_on_street,NCCG_official_on_street,NCCG Zone I - Saloon Daily Flat Fee,300.0,2000.0,535,,,,,unavailable_no_review_data,Peak,27,51,1.89,tomtom_flow_api,,False,1.6099103289428949,tier2_other,44.5,,,no_ground_truth_reference_available,,118.4,24,estimated_from_street_length_ITDP_methodology,ok_way,133548151
1548810595,Unnamed Parking,-1.2673425799999998,36.8172983,street_side,unknown,,24/7,public,"Parking Spot (-1.2673, 36.8173)",On-Street,Zone I,county_on_street,NCCG_official_on_street,NCCG Zone I - Saloon Daily Flat Fee,300.0,2000.0,535,,,,,unavailable_no_review_data,Peak,35,64,1.83,tomtom_flow_api,,False,1.7756302743088617,tier2_other,41.5,,,no_ground_truth_reference_available,,79.7,16,estimated_from_street_length_ITDP_methodology,ok_way,1548810597
1548810596,Unnamed Parking,-1.26744664,36.81752286,street_side,unknown,,24/7,public,"Parking Spot (-1.2674, 36.8175)",On-Street,Zone I,county_on_street,NCCG_official_on_street,NCCG Zone I - Saloon Daily Flat Fee,300.0,2000.0,535,,,,,unavailable_no_review_data,Peak,35,64,1.83,tomtom_flow_api,,False,1.7651850034788332,tier2_other,41.5,,,no_ground_truth_reference_available,,39.2,8,estimated_from_street_length_ITDP_methodology,ok_way,1548810597
1548810597,Unnamed Parking,-1.26754678,36.81727106,street_side,unknown,,24/7,public,"Parking Spot (-1.2675, 36.8173)",On-Street,Zone I,county_on_street,NCCG_official_on_street,NCCG Zone I - Saloon Daily Flat Fee,300.0,2000.0,535,,,,,unavailable_no_review_data,Peak,35,64,1.83,tomtom_flow_api,,False,1.7528281251640732,tier2_other,41.5,,,no_ground_truth_reference_available,,62.0,12,estimated_from_street_length_ITDP_methodology,ok_way,1548810597
1548810600,Unnamed Parking,-1.26692416,36.81690834,street_side,unknown,,24/7,public,"Parking Spot (-1.2669, 36.8169)",On-Street,Zone I,county_on_street,NCCG_official_on_street,NCCG Zone I - Saloon Daily Flat Fee,300.0,2000.0,535,,,,,unavailable_no_review_data,Peak,51,51,1.0,tomtom_flow_api,,False,1.821057614411297,tier2_other,0.0,,,no_ground_truth_reference_available,,79.7,16,estimated_from_street_length_ITDP_methodology,ok_way,1548810600
