osm_id,facility_name,latitude,longitude,parking_type,fee,capacity,operating_hours,access,facility_name_clean,category,zone,operator_tier,pricing_source,tariff_model,base_rate_kes,penalty_fee_kes,county_cost_basis_kes,security_score,accessibility_score,price_transparency_score,overall_rating,sentiment_data_source,time_period,current_speed_kmh,free_flow_speed_kmh,traffic_delay_index,traffic_data_source,total_capacity_bays,capacity_is_reported,parking_pressure_score,calibration_status,distance_to_cbd_km,tier,historical_occupancy_reference_pct,historical_reference_source,relative_parking_pressure_index,calibration_r2,calibration_n
5383782003,Engineers Board of Kenya,-1.2918266,36.8125679,street_side,unknown,,24/7,public,Engineers Board of Kenya,On-Street,Zone I,county_on_street,NCCG_official_on_street,NCCG Zone I - Saloon Daily Flat Fee,300.0,2000.0,535,,,,,unavailable_no_review_data,Peak,73,73,1.0,tomtom_flow_api,,False,50.3,calibrated,1.054,tier1_cbd,92.0,ITDP_2016_CBD_survey_table_3-5,0.0,0.482,22
77869529,Lavington Mall,-1.2799426,36.7701821,street_side,yes,,24/7,customers,Lavington Mall,On-Street,Zone I,county_on_street,NCCG_official_on_street,NCCG Zone I - Saloon Daily Flat Fee,300.0,2000.0,535,,,,,unavailable_no_review_data,Peak,34,34,1.0,tomtom_flow_api,,False,50.3,calibrated,5.185,tier2_other,,not_applicable_outside_surveyed_area,0.0,0.482,22
133548151,Dean and Lecturers Parking Lot,-1.2688899,36.8180584,street_side,unknown,,24/7,public,Dean and Lecturers Parking Lot,On-Street,Zone I,county_on_street,NCCG_official_on_street,NCCG Zone I - Saloon Daily Flat Fee,300.0,2000.0,535,,,,,unavailable_no_review_data,Peak,22,52,2.36,tomtom_flow_api,,False,82.4,calibrated,1.609,tier2_other,,not_applicable_outside_surveyed_area,68.0,0.482,22
248994836,Unnamed Parking,-1.2780602,36.8120329,street_side,unknown,,24/7,public,"Parking Spot (-1.2781, 36.8120)",On-Street,Zone I,county_on_street,NCCG_official_on_street,NCCG Zone I - Saloon Daily Flat Fee,300.0,2000.0,535,,,,,unavailable_no_review_data,Peak,37,37,1.0,tomtom_flow_api,,False,50.3,calibrated,0.78,tier1_cbd,92.0,ITDP_2016_CBD_survey_table_3-5,0.0,0.482,22
248995504,Unnamed Parking,-1.2783547,36.8122751,street_side,unknown,,24/7,public,"Parking Spot (-1.2784, 36.8123)",On-Street,Zone I,county_on_street,NCCG_official_on_street,NCCG Zone I - Saloon Daily Flat Fee,300.0,2000.0,535,,,,,unavailable_no_review_data,Peak,37,37,1.0,tomtom_flow_api,,False,50.3,calibrated,0.738,tier1_cbd,92.0,ITDP_2016_CBD_survey_table_3-5,0.0,0.482,22
382256363,Supa's Garage,-1.3064829,36.8341843,street_side,unknown,,24/7,public,Supa's Garage,On-Street,Zone I,county_on_street,NCCG_official_on_street,NCCG Zone I - Saloon Daily Flat Fee,300.0,2000.0,535,,,,,unavailable_no_review_data,Peak,60,60,1.0,tomtom_flow_api,,False,50.3,calibrated,3.228,tier2_other,,not_applicable_outside_surveyed_area,0.0,0.482,22
687468463,Unnamed Parking,-1.2895412,36.826501,street_side,unknown,,24/7,public,"Parking Spot (-1.2895, 36.8265)",On-Street,Zone I,county_on_street,NCCG_official_on_street,NCCG Zone I - Saloon Daily Flat Fee,300.0,2000.0,535,,,,,unavailable_no_review_data,Peak,20,47,2.35,tomtom_flow_api,,False,82.2,calibrated,1.292,tier2_other,,not_applicable_outside_surveyed_area,67.5,0.482,22
696914132,Unnamed Parking,-1.2807158,36.8179057,street_side,unknown,,24/7,customers,"Parking Spot (-1.2807, 36.8179)",On-Street,Zone I,county_on_street,NCCG_official_on_street,NCCG Zone I - Saloon Daily Flat Fee,300.0,2000.0,535,,,,,unavailable_no_review_data,Peak,82,82,1.0,tomtom_flow_api,,False,50.3,calibrated,0.317,tier1_cbd,92.0,ITDP_2016_CBD_survey_table_3-5,0.0,0.482,22
1004336474,Unnamed Parking,-1.3071314,36.8348198,street_side,unknown,,24/7,public,"Parking Spot (-1.3071, 36.8348)",On-Street,Zone I,county_on_street,NCCG_official_on_street,NCCG Zone I - Saloon Daily Flat Fee,300.0,2000.0,535,,,,,unavailable_no_review_data,Peak,60,60,1.0,tomtom_flow_api,,False,50.3,calibrated,3.329,tier2_other,,not_applicable_outside_surveyed_area,0.0,0.482,22
1004336475,Unnamed Parking,-1.3070754,36.8337221,street_side,unknown,,24/7,public,"Parking Spot (-1.3071, 36.8337)",On-Street,Zone I,county_on_street,NCCG_official_on_street,NCCG Zone I - Saloon Daily Flat Fee,300.0,2000.0,535,,,,,unavailable_no_review_data,Peak,41,41,1.0,tomtom_flow_api,,False,50.3,calibrated,3.251,tier2_other,,not_applicable_outside_surveyed_area,0.0,0.482,22
1054762876,Unnamed Parking,-1.2804681,36.7698729,street_side,unknown,,24/7,public,"Parking Spot (-1.2805, 36.7699)",On-Street,Zone I,county_on_street,NCCG_official_on_street,NCCG Zone I - Saloon Daily Flat Fee,300.0,2000.0,535,,,,,unavailable_no_review_data,Peak,34,34,1.0,tomtom_flow_api,,False,50.3,calibrated,5.215,tier2_other,,not_applicable_outside_surveyed_area,0.0,0.482,22
1147544484,Unnamed Parking,-1.2963932,36.7635963,street_side,unknown,,24/7,private,"Parking Spot (-1.2964, 36.7636)",On-Street,Zone I,county_on_street,NCCG_official_on_street,NCCG Zone I - Saloon Daily Flat Fee,300.0,2000.0,535,,,,,unavailable_no_review_data,Peak,78,78,1.0,tomtom_flow_api,,False,50.3,calibrated,6.08,tier2_other,,not_applicable_outside_surveyed_area,0.0,0.482,22
1239066559,Unnamed Parking,-1.298345,36.8023116,street_side,unknown,,24/7,public,"Parking Spot (-1.2983, 36.8023)",On-Street,Zone I,county_on_street,NCCG_official_on_street,NCCG Zone I - Saloon Daily Flat Fee,300.0,2000.0,535,,,,,unavailable_no_review_data,Peak,73,73,1.0,tomtom_flow_api,,False,50.3,calibrated,2.315,tier2_other,,not_applicable_outside_surveyed_area,0.0,0.482,22
1239066560,Unnamed Parking,-1.2982343,36.8023022,street_side,unknown,,24/7,public,"Parking Spot (-1.2982, 36.8023)",On-Street,Zone I,county_on_street,NCCG_official_on_street,NCCG Zone I - Saloon Daily Flat Fee,300.0,2000.0,535,,,,,unavailable_no_review_data,Peak,73,73,1.0,tomtom_flow_api,,False,50.3,calibrated,2.306,tier2_other,,not_applicable_outside_surveyed_area,0.0,0.482,22
1412128799,Unnamed Parking,-1.30047,36.8127662,street_side,unknown,,24/7,public,"Parking Spot (-1.3005, 36.8128)",On-Street,Zone I,county_on_street,NCCG_official_on_street,NCCG Zone I - Saloon Daily Flat Fee,300.0,2000.0,535,,,,,unavailable_no_review_data,Peak,28,48,1.71,tomtom_flow_api,,False,67.1,calibrated,1.959,tier2_other,,not_applicable_outside_surveyed_area,35.5,0.482,22
1412128800,Unnamed Parking,-1.2996762,36.8129419,street_side,unknown,,24/7,public,"Parking Spot (-1.2997, 36.8129)",On-Street,Zone I,county_on_street,NCCG_official_on_street,NCCG Zone I - Saloon Daily Flat Fee,300.0,2000.0,535,,,,,unavailable_no_review_data,Peak,73,73,1.0,tomtom_flow_api,,False,50.3,calibrated,1.868,tier2_other,,not_applicable_outside_surveyed_area,0.0,0.482,22
1475486402,Unnamed Parking,-1.2823965,36.817015,street_side,unknown,,24/7,public,"Parking Spot (-1.2824, 36.8170)",On-Street,Zone I,county_on_street,NCCG_official_on_street,NCCG Zone I - Saloon Daily Flat Fee,300.0,2000.0,535,,,,,unavailable_no_review_data,Peak,22,44,2.0,tomtom_flow_api,,False,73.9,calibrated,0.106,tier1_cbd,92.0,ITDP_2016_CBD_survey_table_3-5,50.0,0.482,22
1475486403,Unnamed Parking,-1.2821625,36.8168685,street_side,unknown,,24/7,public,"Parking Spot (-1.2822, 36.8169)",On-Street,Zone I,county_on_street,NCCG_official_on_street,NCCG Zone I - Saloon Daily Flat Fee,300.0,2000.0,535,,,,,unavailable_no_review_data,Peak,22,44,2.0,tomtom_flow_api,,False,73.9,calibrated,0.128,tier1_cbd,92.0,ITDP_2016_CBD_survey_table_3-5,50.0,0.482,22
1547706891,Unnamed Parking,-1.2905274,36.8196906,street_side,unknown,,24/7,public,"Parking Spot (-1.2905, 36.8197)",On-Street,Zone I,county_on_street,NCCG_official_on_street,NCCG Zone I - Saloon Daily Flat Fee,300.0,2000.0,535,,,,,unavailable_no_review_data,Peak,30,45,1.5,tomtom_flow_api,,False,62.1,calibrated,0.87,tier1_cbd,92.0,ITDP_2016_CBD_survey_table_3-5,25.0,0.482,22
1547706892,Unnamed Parking,-1.290286,36.8204788,street_side,unknown,,24/7,public,"Parking Spot (-1.2903, 36.8205)",On-Street,Zone I,county_on_street,NCCG_official_on_street,NCCG Zone I - Saloon Daily Flat Fee,300.0,2000.0,535,,,,,unavailable_no_review_data,Peak,30,45,1.5,tomtom_flow_api,,False,62.1,calibrated,0.883,tier1_cbd,92.0,ITDP_2016_CBD_survey_table_3-5,25.0,0.482,22
1547706894,Unnamed Parking,-1.2901412,36.8206117,street_side,unknown,,24/7,public,"Parking Spot (-1.2901, 36.8206)",On-Street,Zone I,county_on_street,NCCG_official_on_street,NCCG Zone I - Saloon Daily Flat Fee,300.0,2000.0,535,,,,,unavailable_no_review_data,Peak,30,45,1.5,tomtom_flow_api,,False,62.1,calibrated,0.876,tier1_cbd,92.0,ITDP_2016_CBD_survey_table_3-5,25.0,0.482,22
1547706897,Unnamed Parking,-1.2901086,36.820685,street_sideQ3295867,unknown,,24/7,public,"Parking Spot (-1.2901, 36.8207)",On-Street,Zone I,county_on_street,NCCG_official_on_street,NCCG Zone I - Saloon Daily Flat Fee,300.0,2000.0,535,,,,,unavailable_no_review_data,Peak,30,45,1.5,tomtom_flow_api,,False,62.1,calibrated,0.877,tier1_cbd,92.0,ITDP_2016_CBD_survey_table_3-5,25.0,0.482,22
1547762849,Unnamed Parking,-1.3025894,36.8256065,street_side,unknown,,24/7,public,"Parking Spot (-1.3026, 36.8256)",On-Street,Zone I,county_on_street,NCCG_official_on_street,NCCG Zone I - Saloon Daily Flat Fee,300.0,2000.0,535,,,,,unavailable_no_review_data,Peak,43,43,1.0,tomtom_flow_api,,False,50.3,calibrated,2.362,tier2_other,,not_applicable_outside_surveyed_area,0.0,0.482,22
1547764674,Unnamed Parking,-1.3271509,36.8708477,street_side,unknown,,24/7,public,"Parking Spot (-1.3272, 36.8708)",On-Street,Zone II,county_on_street,NCCG_official_on_street,NCCG Zone II - Saloon Daily Flat Fee,100.0,2000.0,535,,,,,unavailable_no_review_data,Peak,49,66,1.35,tomtom_flow_api,,False,58.6,calibrated,7.747,tier2_other,,not_applicable_outside_surveyed_area,17.5,0.482,22
1547764675,Unnamed Parking,-1.3271343,36.8709666,street_side,unknown,,24/7,public,"Parking Spot (-1.3271, 36.8710)",On-Street,Zone II,county_on_street,NCCG_official_on_street,NCCG Zone II - Saloon Daily Flat Fee,100.0,2000.0,535,,,,,unavailable_no_review_data,Peak,49,66,1.35,tomtom_flow_api,,False,58.6,calibrated,7.756,tier2_other,,not_applicable_outside_surveyed_area,17.5,0.482,22
1547764676,Unnamed Parking,-1.3285729,36.8707235,street_side,unknown,,24/7,public,"Parking Spot (-1.3286, 36.8707)",On-Street,Zone II,county_on_street,NCCG_official_on_street,NCCG Zone II - Saloon Daily Flat Fee,100.0,2000.0,535,,,,,unavailable_no_review_data,Peak,49,66,1.35,tomtom_flow_api,,False,58.6,calibrated,7.836,tier2_other,,not_applicable_outside_surveyed_area,17.5,0.482,22
1547764677,Unnamed Parking,-1.3287021,36.8705942,street_side,unknown,,24/7,public,"Parking Spot (-1.3287, 36.8706)",On-Street,Zone II,county_on_street,NCCG_official_on_street,NCCG Zone II - Saloon Daily Flat Fee,100.0,2000.0,535,,,,,unavailable_no_review_data,Peak,49,66,1.35,tomtom_flow_api,,False,58.6,calibrated,7.835,tier2_other,,not_applicable_outside_surveyed_area,17.5,0.482,22
1547764686,Unnamed Parking,-1.3286833,36.8722469,street_side,unknown,,24/7,public,"Parking Spot (-1.3287, 36.8722)",On-Street,Zone II,county_on_street,NCCG_official_on_street,NCCG Zone II - Saloon Daily Flat Fee,100.0,2000.0,535,,,,,unavailable_no_review_data,Peak,49,66,1.35,tomtom_flow_api,,False,58.6,calibrated,7.975,tier2_other,,not_applicable_outside_surveyed_area,17.5,0.482,22
1547764687,Unnamed Parking,-1.3287106,36.8719656,street_side,unknown,,24/7,public,"Parking Spot (-1.3287, 36.8720)",On-Street,Zone II,county_on_street,NCCG_official_on_street,NCCG Zone II - Saloon Daily Flat Fee,100.0,2000.0,535,,,,,unavailable_no_review_data,Peak,49,66,1.35,tomtom_flow_api,,False,58.6,calibrated,7.952,tier2_other,,not_applicable_outside_surveyed_area,17.5,0.482,22
1547764688,Unnamed Parking,-1.3288417,36.8719866,street_side,unknown,,24/7,public,"Parking Spot (-1.3288, 36.8720)",On-Street,Zone II,county_on_street,NCCG_official_on_street,NCCG Zone II - Saloon Daily Flat Fee,100.0,2000.0,535,,,,,unavailable_no_review_data,Peak,49,66,1.35,tomtom_flow_api,,False,58.6,calibrated,7.964,tier2_other,,not_applicable_outside_surveyed_area,17.5,0.482,22
1547764689,Unnamed Parking,-1.3289652,36.8716011,street_side,unknown,,24/7,public,"Parking Spot (-1.3290, 36.8716)",On-Street,Zone II,county_on_street,NCCG_official_on_street,NCCG Zone II - Saloon Daily Flat Fee,100.0,2000.0,535,,,,,unavailable_no_review_data,Peak,49,66,1.35,tomtom_flow_api,,False,58.6,calibrated,7.939,tier2_other,,not_applicable_outside_surveyed_area,17.5,0.482,22
1547874388,Unnamed Parking,-1.2898309,36.825937,street_side,unknown,,24/7,public,"Parking Spot (-1.2898, 36.8259)",On-Street,Zone I,county_on_street,NCCG_official_on_street,NCCG Zone I - Saloon Daily Flat Fee,300.0,2000.0,535,,,,,unavailable_no_review_data,Peak,82,82,1.0,tomtom_flow_api,,False,50.3,calibrated,1.258,tier2_other,,not_applicable_outside_surveyed_area,0.0,0.482,22
1547874389,Unnamed Parking,-1.2885149,36.8269544,street_side,unknown,,24/7,public,"Parking Spot (-1.2885, 36.8270)",On-Street,Zone I,county_on_street,NCCG_official_on_street,NCCG Zone I - Saloon Daily Flat Fee,300.0,2000.0,535,,,,,unavailable_no_review_data,Peak,30,45,1.5,tomtom_flow_api,,False,62.1,calibrated,1.279,tier2_other,,not_applicable_outside_surveyed_area,25.0,0.482,22
1547874390,Unnamed Parking,-1.2884948,36.8270553,street_side,unknown,,24/7,public,"Parking Spot (-1.2885, 36.8271)",On-Street,Zone I,county_on_street,NCCG_official_on_street,NCCG Zone I - Saloon Daily Flat Fee,300.0,2000.0,535,,,,,unavailable_no_review_data,Peak,30,45,1.5,tomtom_flow_api,,False,62.1,calibrated,1.288,tier2_other,,not_applicable_outside_surveyed_area,25.0,0.482,22
1547874391,Unnamed Parking,-1.287116,36.826355,street_side,unknown,,24/7,public,"Parking Spot (-1.2871, 36.8264)",On-Street,Zone I,county_on_street,NCCG_official_on_street,NCCG Zone I - Saloon Daily Flat Fee,300.0,2000.0,535,,,,,unavailable_no_review_data,Peak,30,45,1.5,tomtom_flow_api,,False,62.1,calibrated,1.154,tier1_cbd,92.0,ITDP_2016_CBD_survey_table_3-5,25.0,0.482,22
1548270241,Unnamed Parking,-1.2806952,36.817958,street_side,unknown,,24/7,customers,"Parking Spot (-1.2807, 36.8180)",On-Street,Zone I,county_on_street,NCCG_official_on_street,NCCG Zone I - Saloon Daily Flat Fee,300.0,2000.0,535,,,,,unavailable_no_review_data,Peak,82,82,1.0,tomtom_flow_api,,False,50.3,calibrated,0.322,tier1_cbd,92.0,ITDP_2016_CBD_survey_table_3-5,0.0,0.482,22
1548466196,Unnamed Parking,-1.324735,36.848583,street_side,unknown,,24/7,public,"Parking Spot (-1.3247, 36.8486)",On-Street,Zone I,county_on_street,NCCG_official_on_street,NCCG Zone I - Saloon Daily Flat Fee,300.0,2000.0,535,,,,,unavailable_no_review_data,Peak,42,42,1.0,tomtom_flow_api,,False,50.3,calibrated,5.813,tier2_other,,not_applicable_outside_surveyed_area,0.0,0.482,22
1548466197,Unnamed Parking,-1.3249583,36.8486633,street_side,unknown,,24/7,public,"Parking Spot (-1.3250, 36.8487)",On-Street,Zone I,county_on_street,NCCG_official_on_street,NCCG Zone I - Saloon Daily Flat Fee,300.0,2000.0,535,,,,,unavailable_no_review_data,Peak,42,42,1.0,tomtom_flow_api,,False,50.3,calibrated,5.838,tier2_other,,not_applicable_outside_surveyed_area,0.0,0.482,22
1548802455,Unnamed Parking,-1.289281,36.8267821,street_side,unknown,,24/7,public,"Parking Spot (-1.2893, 36.8268)",On-Street,Zone I,county_on_street,NCCG_official_on_street,NCCG Zone I - Saloon Daily Flat Fee,300.0,2000.0,535,,,,,unavailable_no_review_data,Peak,82,82,1.0,tomtom_flow_api,,False,50.3,calibrated,1.303,tier2_other,,not_applicable_outside_surveyed_area,0.0,0.482,22
1548810595,Unnamed Parking,-1.2673176,36.8173178,street_side,unknown,,24/7,public,"Parking Spot (-1.2673, 36.8173)",On-Street,Zone I,county_on_street,NCCG_official_on_street,NCCG Zone I - Saloon Daily Flat Fee,300.0,2000.0,535,,,,,unavailable_no_review_data,Peak,64,64,1.0,tomtom_flow_api,,False,50.3,calibrated,1.778,tier2_other,,not_applicable_outside_surveyed_area,0.0,0.482,22
1548810596,Unnamed Parking,-1.267436,36.8175327,street_side,unknown,,24/7,public,"Parking Spot (-1.2674, 36.8175)",On-Street,Zone I,county_on_street,NCCG_official_on_street,NCCG Zone I - Saloon Daily Flat Fee,300.0,2000.0,535,,,,,unavailable_no_review_data,Peak,64,64,1.0,tomtom_flow_api,,False,50.3,calibrated,1.766,tier2_other,,not_applicable_outside_surveyed_area,0.0,0.482,22
1548810597,Unnamed Parking,-1.2675626,36.817291,street_side,unknown,,24/7,public,"Parking Spot (-1.2676, 36.8173)",On-Street,Zone I,county_on_street,NCCG_official_on_street,NCCG Zone I - Saloon Daily Flat Fee,300.0,2000.0,535,,,,,unavailable_no_review_data,Peak,64,64,1.0,tomtom_flow_api,,False,50.3,calibrated,1.751,tier2_other,,not_applicable_outside_surveyed_area,0.0,0.482,22
1548810600,Unnamed Parking,-1.2669423,36.8169276,street_side,unknown,,24/7,public,"Parking Spot (-1.2669, 36.8169)",On-Street,Zone I,county_on_street,NCCG_official_on_street,NCCG Zone I - Saloon Daily Flat Fee,300.0,2000.0,535,,,,,unavailable_no_review_data,Peak,22,52,2.36,tomtom_flow_api,,False,82.4,calibrated,1.819,tier2_other,,not_applicable_outside_surveyed_area,68.0,0.482,22
1549029426,Unnamed Parking,-1.3266,36.8484009,street_side,unknown,,24/7,public,"Parking Spot (-1.3266, 36.8484)",On-Street,Zone I,county_on_street,NCCG_official_on_street,NCCG Zone I - Saloon Daily Flat Fee,300.0,2000.0,535,,,,,unavailable_no_review_data,Peak,45,63,1.4,tomtom_flow_api,,False,59.8,calibrated,5.967,tier2_other,,not_applicable_outside_surveyed_area,20.0,0.482,22
1549267516,Unnamed Parking,-1.2894048,36.8236202,street_side,unknown,,24/7,public,"Parking Spot (-1.2894, 36.8236)",On-Street,Zone I,county_on_street,NCCG_official_on_street,NCCG Zone I - Saloon Daily Flat Fee,300.0,2000.0,535,,,,,unavailable_no_review_data,Peak,25,45,1.8,tomtom_flow_api,,False,69.2,calibrated,1.026,tier1_cbd,92.0,ITDP_2016_CBD_survey_table_3-5,40.0,0.482,22
1549267525,Unnamed Parking,-1.286916,36.8227858,street_side,unknown,,24/7,public,"Parking Spot (-1.2869, 36.8228)",On-Street,Zone I,county_on_street,NCCG_official_on_street,NCCG Zone I - Saloon Daily Flat Fee,300.0,2000.0,535,,,,,unavailable_no_review_data,Peak,25,45,1.8,tomtom_flow_api,,False,69.2,calibrated,0.787,tier1_cbd,92.0,ITDP_2016_CBD_survey_table_3-5,40.0,0.482,22
1549267526,Unnamed Parking,-1.2870067,36.82284,street_side,unknown,,24/7,public,"Parking Spot (-1.2870, 36.8228)",On-Street,Zone I,county_on_street,NCCG_official_on_street,NCCG Zone I - Saloon Daily Flat Fee,300.0,2000.0,535,,,,,unavailable_no_review_data,Peak,25,45,1.8,tomtom_flow_api,,False,69.2,calibrated,0.797,tier1_cbd,92.0,ITDP_2016_CBD_survey_table_3-5,40.0,0.482,22
1549273027,Unnamed Parking,-1.2895015,36.8218114,street_side,unknown,,24/7,public,"Parking Spot (-1.2895, 36.8218)",On-Street,Zone I,county_on_street,NCCG_official_on_street,NCCG Zone I - Saloon Daily Flat Fee,300.0,2000.0,535,,,,,unavailable_no_review_data,Peak,25,45,1.8,tomtom_flow_api,,False,69.2,calibrated,0.894,tier1_cbd,92.0,ITDP_2016_CBD_survey_table_3-5,40.0,0.482,22
1549273028,Unnamed Parking,-1.2894452,36.8217674,street_side,unknown,,24/7,public,"Parking Spot (-1.2894, 36.8218)",On-Street,Zone I,county_on_street,NCCG_official_on_street,NCCG Zone I - Saloon Daily Flat Fee,300.0,2000.0,535,,,,,unavailable_no_review_data,Peak,25,45,1.8,tomtom_flow_api,,False,69.2,calibrated,0.886,tier1_cbd,92.0,ITDP_2016_CBD_survey_table_3-5,40.0,0.482,22
1549273029,Unnamed Parking,-1.2893413,36.8217688,street_side,unknown,,24/7,public,"Parking Spot (-1.2893, 36.8218)",On-Street,Zone I,county_on_street,NCCG_official_on_street,NCCG Zone I - Saloon Daily Flat Fee,300.0,2000.0,535,,,,,unavailable_no_review_data,Peak,25,45,1.8,tomtom_flow_api,,False,69.2,calibrated,0.877,tier1_cbd,92.0,ITDP_2016_CBD_survey_table_3-5,40.0,0.482,22
1550082489,Unnamed Parking,-1.2900636,36.820763,street_side,unknown,,24/7,public,"Parking Spot (-1.2901, 36.8208)",On-Street,Zone I,county_on_street,NCCG_official_on_street,NCCG Zone I - Saloon Daily Flat Fee,300.0,2000.0,535,,,,,unavailable_no_review_data,Peak,25,45,1.8,tomtom_flow_api,,False,69.2,calibrated,0.877,tier1_cbd,92.0,ITDP_2016_CBD_survey_table_3-5,40.0,0.482,22
1550082494,Unnamed Parking,-1.2900473,36.8266244,street_side,unknown,,24/7,public,"Parking Spot (-1.2900, 36.8266)",On-Street,Zone I,county_on_street,NCCG_official_on_street,NCCG Zone I - Saloon Daily Flat Fee,300.0,2000.0,535,,,,,unavailable_no_review_data,Peak,82,82,1.0,tomtom_flow_api,,False,50.3,calibrated,1.334,tier2_other,,not_applicable_outside_surveyed_area,0.0,0.482,22
1550082495,Unnamed Parking,-1.2899196,36.8270927,street_side,unknown,,24/7,public,"Parking Spot (-1.2899, 36.8271)",On-Street,Zone I,county_on_street,NCCG_official_on_street,NCCG Zone I - Saloon Daily Flat Fee,300.0,2000.0,535,,,,,unavailable_no_review_data,Peak,25,45,1.8,tomtom_flow_api,,False,69.2,calibrated,1.37,tier2_other,,not_applicable_outside_surveyed_area,40.0,0.482,22
1550082496,Unnamed Parking,-1.2900295,36.8273336,street_side,unknown,,24/7,public,"Parking Spot (-1.2900, 36.8273)",On-Street,Zone I,county_on_street,NCCG_official_on_street,NCCG Zone I - Saloon Daily Flat Fee,300.0,2000.0,535,,,,,unavailable_no_review_data,Peak,12,46,3.0,tomtom_flow_api,,False,97.5,calibrated,1.399,tier2_other,,not_applicable_outside_surveyed_area,100.0,0.482,22
1550082497,Unnamed Parking,-1.2905581,36.8273886,street_side,unknown,,24/7,public,"Parking Spot (-1.2906, 36.8274)",On-Street,Zone I,county_on_street,NCCG_official_on_street,NCCG Zone I - Saloon Daily Flat Fee,300.0,2000.0,535,,,,,unavailable_no_review_data,Peak,12,46,3.0,tomtom_flow_api,,False,97.5,calibrated,1.436,tier2_other,,not_applicable_outside_surveyed_area,100.0,0.482,22
1550082498,Unnamed Parking,-1.2906855,36.8275412,street_side,unknown,,24/7,public,"Parking Spot (-1.2907, 36.8275)",On-Street,Zone I,county_on_street,NCCG_official_on_street,NCCG Zone I - Saloon Daily Flat Fee,300.0,2000.0,535,,,,,unavailable_no_review_data,Peak,12,46,3.0,tomtom_flow_api,,False,97.5,calibrated,1.458,tier2_other,,not_applicable_outside_surveyed_area,100.0,0.482,22
1550082499,Unnamed Parking,-1.2908531,36.8273676,street_side,unknown,,24/7,public,"Parking Spot (-1.2909, 36.8274)",On-Street,Zone I,county_on_street,NCCG_official_on_street,NCCG Zone I - Saloon Daily Flat Fee,300.0,2000.0,535,,,,,unavailable_no_review_data,Peak,12,46,3.0,tomtom_flow_api,,False,97.5,calibrated,1.453,tier2_other,,not_applicable_outside_surveyed_area,100.0,0.482,22
1550082500,Unnamed Parking,-1.2912064,36.827702,street_side,unknown,,24/7,public,"Parking Spot (-1.2912, 36.8277)",On-Street,Zone I,county_on_street,NCCG_official_on_street,NCCG Zone I - Saloon Daily Flat Fee,300.0,2000.0,535,,,,,unavailable_no_review_data,Peak,87,87,1.0,tomtom_flow_api,,False,50.3,calibrated,1.506,tier2_other,,not_applicable_outside_surveyed_area,0.0,0.482,22
1550083504,Unnamed Parking,-1.3071534,36.8346925,street_side,unknown,,24/7,public,"Parking Spot (-1.3072, 36.8347)",On-Street,Zone I,county_on_street,NCCG_official_on_street,NCCG Zone I - Saloon Daily Flat Fee,300.0,2000.0,535,,,,,unavailable_no_review_data,Peak,60,60,1.0,tomtom_flow_api,,False,50.3,calibrated,3.322,tier2_other,,not_applicable_outside_surveyed_area,0.0,0.482,22
1550276794,Unnamed Parking,-1.2826131,36.7667705,street_side,unknown,,24/7,public,"Parking Spot (-1.2826, 36.7668)",On-Street,Zone I,county_on_street,NCCG_official_on_street,NCCG Zone I - Saloon Daily Flat Fee,300.0,2000.0,535,,,,,unavailable_no_review_data,Peak,48,48,1.0,tomtom_flow_api,,False,50.3,calibrated,5.551,tier2_other,,not_applicable_outside_surveyed_area,0.0,0.482,22
1550276796,Unnamed Parking,-1.2828333,36.7665073,street_side,unknown,,24/7,public,"Parking Spot (-1.2828, 36.7665)",On-Street,Zone I,county_on_street,NCCG_official_on_street,NCCG Zone I - Saloon Daily Flat Fee,300.0,2000.0,535,,,,,unavailable_no_review_data,Peak,48,48,1.0,tomtom_flow_api,,False,50.3,calibrated,5.58,tier2_other,,not_applicable_outside_surveyed_area,0.0,0.482,22
1550276798,Unnamed Parking,-1.280155,36.7696583,street_side,unknown,,24/7,public,"Parking Spot (-1.2802, 36.7697)",On-Street,Zone I,county_on_street,NCCG_official_on_street,NCCG Zone I - Saloon Daily Flat Fee,300.0,2000.0,535,,,,,unavailable_no_review_data,Peak,48,48,1.0,tomtom_flow_api,,False,50.3,calibrated,5.241,tier2_other,,not_applicable_outside_surveyed_area,0.0,0.482,22
1550276799,Unnamed Parking,-1.2798468,36.7703432,street_side,unknown,,24/7,public,"Parking Spot (-1.2798, 36.7703)",On-Street,Zone I,county_on_street,NCCG_official_on_street,NCCG Zone I - Saloon Daily Flat Fee,300.0,2000.0,535,,,,,unavailable_no_review_data,Peak,34,34,1.0,tomtom_flow_api,,False,50.3,calibrated,5.168,tier2_other,,not_applicable_outside_surveyed_area,0.0,0.482,22
1550276800,Unnamed Parking,-1.2789305,36.7705765,street_side,unknown,,24/7,public,"Parking Spot (-1.2789, 36.7706)",On-Street,Zone I,county_on_street,NCCG_official_on_street,NCCG Zone I - Saloon Daily Flat Fee,300.0,2000.0,535,,,,,unavailable_no_review_data,Peak,35,35,1.0,tomtom_flow_api,,False,50.3,calibrated,5.15,tier2_other,,not_applicable_outside_surveyed_area,0.0,0.482,22
1550276801,Unnamed Parking,-1.2791112,36.7704659,street_side,unknown,,24/7,public,"Parking Spot (-1.2791, 36.7705)",On-Street,Zone I,county_on_street,NCCG_official_on_street,NCCG Zone I - Saloon Daily Flat Fee,300.0,2000.0,535,,,,,unavailable_no_review_data,Peak,54,54,1.0,tomtom_flow_api,,False,50.3,calibrated,5.161,tier2_other,,not_applicable_outside_surveyed_area,0.0,0.482,22
1550276802,Unnamed Parking,-1.2787807,36.7707029,street_side,unknown,,24/7,public,"Parking Spot (-1.2788, 36.7707)",On-Street,Zone I,county_on_street,NCCG_official_on_street,NCCG Zone I - Saloon Daily Flat Fee,300.0,2000.0,535,,,,,unavailable_no_review_data,Peak,35,35,1.0,tomtom_flow_api,,False,50.3,calibrated,5.138,tier2_other,,not_applicable_outside_surveyed_area,0.0,0.482,22
1550276803,Unnamed Parking,-1.2787194,36.7707348,street_side,unknown,,24/7,public,"Parking Spot (-1.2787, 36.7707)",On-Street,Zone I,county_on_street,NCCG_official_on_street,NCCG Zone I - Saloon Daily Flat Fee,300.0,2000.0,535,,,,,unavailable_no_review_data,Peak,35,35,1.0,tomtom_flow_api,,False,50.3,calibrated,5.135,tier2_other,,not_applicable_outside_surveyed_area,0.0,0.482,22
1550276804,Unnamed Parking,-1.2788926,36.7707457,street_side,unknown,,24/7,public,"Parking Spot (-1.2789, 36.7707)",On-Street,Zone I,county_on_street,NCCG_official_on_street,NCCG Zone I - Saloon Daily Flat Fee,300.0,2000.0,535,,,,,unavailable_no_review_data,Peak,34,34,1.0,tomtom_flow_api,,False,50.3,calibrated,5.132,tier2_other,,not_applicable_outside_surveyed_area,0.0,0.482,22
1550329422,Unnamed Parking,-1.3033756,36.829947,street_side,unknown,,24/7,public,"Parking Spot (-1.3034, 36.8299)",On-Street,Zone I,county_on_street,NCCG_official_on_street,NCCG Zone I - Saloon Daily Flat Fee,300.0,2000.0,535,,,,,unavailable_no_review_data,Peak,60,60,1.0,tomtom_flow_api,,False,50.3,calibrated,2.674,tier2_other,,not_applicable_outside_surveyed_area,0.0,0.482,22
1550329423,Unnamed Parking,-1.3028636,36.8309549,street_side,unknown,,24/7,public,"Parking Spot (-1.3029, 36.8310)",On-Street,Zone I,county_on_street,NCCG_official_on_street,NCCG Zone I - Saloon Daily Flat Fee,300.0,2000.0,535,,,,,unavailable_no_review_data,Peak,60,60,1.0,tomtom_flow_api,,False,50.3,calibrated,2.691,tier2_other,,not_applicable_outside_surveyed_area,0.0,0.482,22
1550329424,Unnamed Parking,-1.3033846,36.8302347,street_side,unknown,,24/7,public,"Parking Spot (-1.3034, 36.8302)",On-Street,Zone I,county_on_street,NCCG_official_on_street,NCCG Zone I - Saloon Daily Flat Fee,300.0,2000.0,535,,,,,unavailable_no_review_data,Peak,60,60,1.0,tomtom_flow_api,,False,50.3,calibrated,2.693,tier2_other,,not_applicable_outside_surveyed_area,0.0,0.482,22
1550329428,Unnamed Parking,-1.3052961,36.8393059,street_side,unknown,,24/7,public,"Parking Spot (-1.3053, 36.8393)",On-Street,Zone I,county_on_street,NCCG_official_on_street,NCCG Zone I - Saloon Daily Flat Fee,300.0,2000.0,535,,,,,unavailable_no_review_data,Peak,60,60,1.0,tomtom_flow_api,,False,50.3,calibrated,3.507,tier2_other,,not_applicable_outside_surveyed_area,0.0,0.482,22
1550329429,Unnamed Parking,-1.3053841,36.8393676,street_side,unknown,,24/7,public,"Parking Spot (-1.3054, 36.8394)",On-Street,Zone I,county_on_street,NCCG_official_on_street,NCCG Zone I - Saloon Daily Flat Fee,300.0,2000.0,535,,,,,unavailable_no_review_data,Peak,60,60,1.0,tomtom_flow_api,,False,50.3,calibrated,3.519,tier2_other,,not_applicable_outside_surveyed_area,0.0,0.482,22
1550329430,Unnamed Parking,-1.3052274,36.8391124,street_side,unknown,,24/7,public,"Parking Spot (-1.3052, 36.8391)",On-Street,Zone I,county_on_street,NCCG_official_on_street,NCCG Zone I - Saloon Daily Flat Fee,300.0,2000.0,535,,,,,unavailable_no_review_data,Peak,20,28,1.4,tomtom_flow_api,,False,59.8,calibrated,3.486,tier2_other,,not_applicable_outside_surveyed_area,20.0,0.482,22
1550656747,Unnamed Parking,-1.3303942,36.8641324,street_side,unknown,,24/7,public,"Parking Spot (-1.3304, 36.8641)",On-Street,Zone II,county_on_street,NCCG_official_on_street,NCCG Zone II - Saloon Daily Flat Fee,100.0,2000.0,535,,,,,unavailable_no_review_data,Peak,49,65,1.33,tomtom_flow_api,,False,58.1,calibrated,7.431,tier2_other,,not_applicable_outside_surveyed_area,16.5,0.482,22
1550656748,Unnamed Parking,-1.3301889,36.8663917,street_side,unknown,,24/7,public,"Parking Spot (-1.3302, 36.8664)",On-Street,Zone II,county_on_street,NCCG_official_on_street,NCCG Zone II - Saloon Daily Flat Fee,100.0,2000.0,535,,,,,unavailable_no_review_data,Peak,49,65,1.33,tomtom_flow_api,,False,58.1,calibrated,7.596,tier2_other,,not_applicable_outside_surveyed_area,16.5,0.482,22
1550656749,Unnamed Parking,-1.3302583,36.8651603,street_side,unknown,,24/7,public,"Parking Spot (-1.3303, 36.8652)",On-Street,Zone II,county_on_street,NCCG_official_on_street,NCCG Zone II - Saloon Daily Flat Fee,100.0,2000.0,535,,,,,unavailable_no_review_data,Peak,49,65,1.33,tomtom_flow_api,,False,58.1,calibrated,7.502,tier2_other,,not_applicable_outside_surveyed_area,16.5,0.482,22
1550656750,Unnamed Parking,-1.3301182,36.8661856,street_side,unknown,,24/7,public,"Parking Spot (-1.3301, 36.8662)",On-Street,Zone II,county_on_street,NCCG_official_on_street,NCCG Zone II - Saloon Daily Flat Fee,100.0,2000.0,535,,,,,unavailable_no_review_data,Peak,49,65,1.33,tomtom_flow_api,,False,58.1,calibrated,7.574,tier2_other,,not_applicable_outside_surveyed_area,16.5,0.482,22
1550656751,Unnamed Parking,-1.3299754,36.8672234,street_side,unknown,,24/7,public,"Parking Spot (-1.3300, 36.8672)",On-Street,Zone II,county_on_street,NCCG_official_on_street,NCCG Zone II - Saloon Daily Flat Fee,100.0,2000.0,535,,,,,unavailable_no_review_data,Peak,49,65,1.33,tomtom_flow_api,,False,58.1,calibrated,7.647,tier2_other,,not_applicable_outside_surveyed_area,16.5,0.482,22
1550656752,Unnamed Parking,-1.3298401,36.8682286,street_side,unknown,,24/7,public,"Parking Spot (-1.3298, 36.8682)",On-Street,Zone II,county_on_street,NCCG_official_on_street,NCCG Zone II - Saloon Daily Flat Fee,100.0,2000.0,535,,,,,unavailable_no_review_data,Peak,49,65,1.33,tomtom_flow_api,,False,58.1,calibrated,7.72,tier2_other,,not_applicable_outside_surveyed_area,16.5,0.482,22
1550656753,Unnamed Parking,-1.3295443,36.869246,street_side,unknown,,24/7,public,"Parking Spot (-1.3295, 36.8692)",On-Street,Zone II,county_on_street,NCCG_official_on_street,NCCG Zone II - Saloon Daily Flat Fee,100.0,2000.0,535,,,,,unavailable_no_review_data,Peak,49,65,1.33,tomtom_flow_api,,False,58.1,calibrated,7.782,tier2_other,,not_applicable_outside_surveyed_area,16.5,0.482,22
1550656754,Unnamed Parking,-1.3295287,36.8693011,street_side,unknown,,24/7,public,"Parking Spot (-1.3295, 36.8693)",On-Street,Zone II,county_on_street,NCCG_official_on_street,NCCG Zone II - Saloon Daily Flat Fee,100.0,2000.0,535,,,,,unavailable_no_review_data,Peak,49,65,1.33,tomtom_flow_api,,False,58.1,calibrated,7.786,tier2_other,,not_applicable_outside_surveyed_area,16.5,0.482,22
1550657963,Unnamed Parking,-1.3303347,36.8627339,street_side,unknown,,24/7,public,"Parking Spot (-1.3303, 36.8627)",On-Street,Zone II,county_on_street,NCCG_official_on_street,NCCG Zone II - Saloon Daily Flat Fee,100.0,2000.0,535,,,,,unavailable_no_review_data,Peak,49,65,1.33,tomtom_flow_api,,False,58.1,calibrated,7.317,tier2_other,,not_applicable_outside_surveyed_area,16.5,0.482,22
1550657964,Unnamed Parking,-1.3301331,36.8633672,street_side,unknown,,24/7,public,"Parking Spot (-1.3301, 36.8634)",On-Street,Zone II,county_on_street,NCCG_official_on_street,NCCG Zone II - Saloon Daily Flat Fee,100.0,2000.0,535,,,,,unavailable_no_review_data,Peak,49,65,1.33,tomtom_flow_api,,False,58.1,calibrated,7.351,tier2_other,,not_applicable_outside_surveyed_area,16.5,0.482,22
1550657965,Unnamed Parking,-1.3298516,36.8631307,street_side,unknown,,24/7,public,"Parking Spot (-1.3299, 36.8631)",On-Street,Zone II,county_on_street,NCCG_official_on_street,NCCG Zone II - Saloon Daily Flat Fee,100.0,2000.0,535,,,,,unavailable_no_review_data,Peak,49,65,1.33,tomtom_flow_api,,False,58.1,calibrated,7.31,tier2_other,,not_applicable_outside_surveyed_area,16.5,0.482,22
1550657967,Unnamed Parking,-1.3306497,36.8623681,street_side,unknown,,24/7,public,"Parking Spot (-1.3306, 36.8624)",On-Street,Zone II,county_on_street,NCCG_official_on_street,NCCG Zone II - Saloon Daily Flat Fee,100.0,2000.0,535,,,,,unavailable_no_review_data,Peak,50,66,1.32,tomtom_flow_api,,False,57.9,calibrated,7.314,tier2_other,,not_applicable_outside_surveyed_area,16.0,0.482,22
1550657968,Unnamed Parking,-1.330492,36.8627014,street_side,unknown,,24/7,public,"Parking Spot (-1.3305, 36.8627)",On-Street,Zone II,county_on_street,NCCG_official_on_street,NCCG Zone II - Saloon Daily Flat Fee,100.0,2000.0,535,,,,,unavailable_no_review_data,Peak,50,66,1.32,tomtom_flow_api,,False,57.9,calibrated,7.327,tier2_other,,not_applicable_outside_surveyed_area,16.0,0.482,22
1550660256,Unnamed Parking,-1.3308165,36.8605266,street_side,unknown,,24/7,public,"Parking Spot (-1.3308, 36.8605)",On-Street,Zone II,county_on_street,NCCG_official_on_street,NCCG Zone II - Saloon Daily Flat Fee,100.0,2000.0,535,,,,,unavailable_no_review_data,Peak,50,66,1.32,tomtom_flow_api,,False,57.9,calibrated,7.187,tier2_other,,not_applicable_outside_surveyed_area,16.0,0.482,22
1550660258,Unnamed Parking,-1.3306975,36.860731,street_side,unknown,,24/7,public,"Parking Spot (-1.3307, 36.8607)",On-Street,Zone II,county_on_street,NCCG_official_on_street,NCCG Zone II - Saloon Daily Flat Fee,100.0,2000.0,535,,,,,unavailable_no_review_data,Peak,50,66,1.32,tomtom_flow_api,,False,57.9,calibrated,7.193,tier2_other,,not_applicable_outside_surveyed_area,16.0,0.482,22
1550660821,Unnamed Parking,-1.3289241,36.8709662,street_side,unknown,,24/7,public,"Parking Spot (-1.3289, 36.8710)",On-Street,Zone II,county_on_street,NCCG_official_on_street,NCCG Zone II - Saloon Daily Flat Fee,100.0,2000.0,535,,,,,unavailable_no_review_data,Peak,50,66,1.32,tomtom_flow_api,,False,57.9,calibrated,7.882,tier2_other,,not_applicable_outside_surveyed_area,16.0,0.482,22
1550749752,Unnamed Parking,-1.2860231,36.791122,street_side,unknown,,24/7,public,"Parking Spot (-1.2860, 36.7911)",On-Street,Zone I,county_on_street,NCCG_official_on_street,NCCG Zone I - Saloon Daily Flat Fee,300.0,2000.0,535,,,,,unavailable_no_review_data,Peak,73,73,1.0,tomtom_flow_api,,False,50.3,calibrated,2.86,tier2_other,,not_applicable_outside_surveyed_area,0.0,0.482,22
1550834787,Unnamed Parking,-1.2885495,36.8227608,street_side,unknown,,24/7,public,"Parking Spot (-1.2885, 36.8228)",On-Street,Zone I,county_on_street,NCCG_official_on_street,NCCG Zone I - Saloon Daily Flat Fee,300.0,2000.0,535,,,,,unavailable_no_review_data,Peak,25,45,1.8,tomtom_flow_api,,False,69.2,calibrated,0.891,tier1_cbd,92.0,ITDP_2016_CBD_survey_table_3-5,40.0,0.482,22
1550834788,Unnamed Parking,-1.2885048,36.8227402,street_side,unknown,,24/7,public,"Parking Spot (-1.2885, 36.8227)",On-Street,Zone I,county_on_street,NCCG_official_on_street,NCCG Zone I - Saloon Daily Flat Fee,300.0,2000.0,535,,,,,unavailable_no_review_data,Peak,25,45,1.8,tomtom_flow_api,,False,69.2,calibrated,0.886,tier1_cbd,92.0,ITDP_2016_CBD_survey_table_3-5,40.0,0.482,22
