osm_id,facility_name,latitude,longitude,parking_type,fee,capacity,operating_hours,access
30121680,Unnamed Parking,-1.2896057,36.8150615,surface,unknown,,24/7,public
30498595,Unnamed Parking,-1.2909796,36.8282672,surface,unknown,,24/7,public
30695694,Unnamed Parking,-1.2856445,36.8132893,surface,unknown,,24/7,public
295829518,Unnamed Parking,-1.2597359,36.8182597,surface,unknown,,24/7,public
390312470,Unnamed Parking,-1.2641049,36.8117123,surface,unknown,,24/7,public
498412528,InterContinental Hotel Car Park,-1.2873717,36.8192911,surface,unknown,,24/7,public
597647652,Unnamed Parking,-1.25013,36.8202579,surface,unknown,,24/7,customers
612008431,Olympic Bus Terminus,-1.3126351,36.7778212,surface,unknown,,24/7,public
612008499,Ayany Car Park,-1.3090339,36.7757579,surface,yes,,24/7,public
612932062,Westgate Mall Car Park,-1.2566578,36.8035661,multi-storey,yes,,24/7,public
930204024,Student parking,-1.274479,36.805643,surface,unknown,,24/7,public
968588012,Kenton Rear Parking,-1.2809847,36.7869545,surface,unknown,,24/7,public
1111587086,Unnamed Parking,-1.2553877,36.8667692,surface,unknown,,24/7,public
1112885129,Unnamed Parking,-1.259848,36.8644681,surface,unknown,,24/7,public
1175376518,Travel House Parking,-1.2861727,36.8214386,multi-storey,yes,,24/7,public
1333669443,Lenana Parking Lot Area,-1.2900918,36.800209,surface,unknown,,24/7,public
1392346394,Unnamed Parking,-1.2944773,36.8101427,surface,unknown,,24/7,public
1418962726,Parking B,-1.2806414,36.8128716,surface,unknown,,24/7,public
1418962730,MAIN PACKING,-1.2803274,36.8127162,surface,unknown,,24/7,public
1420033889,YMCA STAFF PARKING,-1.2805756,36.8129968,surface,unknown,,24/7,public
1453530799,Capital Centre Parking Lot,-1.316037,36.8340919,surface,yes,600,24/7,customers
2064445778,Highrise Parking,-1.3155335,36.8052222,surface,unknown,,24/7,public
2145313586,Vumira House Parking Lot,-1.3112488,36.8355363,surface,unknown,,24/7,public
2145316657,Oddyssey Plaza Parking Lot,-1.3108493,36.8360701,surface,unknown,,24/7,public
2324373804,Jogoo House Car Park,-1.288426,36.824186,surface,unknown,,24/7,public
2324373805,Unnamed Parking,-1.2884696,36.8273088,surface,unknown,,24/7,public
2324373806,Unnamed Parking,-1.2885551,36.8270327,surface,unknown,,24/7,public
2324373808,Unnamed Parking,-1.2893101,36.8254079,surface,unknown,,24/7,public
2324373844,Unnamed Parking,-1.2953986,36.8375275,surface,unknown,,24/7,public
2519756646,Unnamed Parking,-1.2743448,36.8051067,surface,unknown,,24/7,public
2519803985,Unnamed Parking,-1.2794317,36.8103813,surface,unknown,,24/7,public
2519818247,Unnamed Parking,-1.2731723,36.805157,surface,unknown,,24/7,public
3803380459,Museums Parking,-1.2730341,36.8156414,surface,unknown,,24/7,public
5372421009,Sunshine Secondary School Parking Lot,-1.3204018,36.8090477,surface,unknown,,24/7,public
5378425144,Equity Centre Car Park,-1.3015834,36.8121121,surface,unknown,,24/7,public
5383782003,Engineers Board of Kenya,-1.2918266,36.8125679,street_side,unknown,,24/7,public
5383782004,Ministry Of Lands Parking Lot,-1.2924766,36.8116836,surface,unknown,,24/7,public
5401775740,Daystar university parking lot,-1.2991941,36.8027448,surface,unknown,,24/7,public
5401775741,Nairobi Baptist Church Parking,-1.2979916,36.800926,surface,unknown,,24/7,public
5414335601,Chaka Place Parking Lot,-1.29224,36.7911521,surface,unknown,,24/7,public
5431142037,Unnamed Parking,-1.2593634,36.8118506,surface,unknown,,24/7,public
5431210796,Unnamed Parking,-1.3185241,36.8261674,surface,unknown,,24/7,public
5431226371,Unnamed Parking,-1.3183048,36.829942,surface,unknown,,24/7,public
5555073964,Donald Car Park,-1.2873973,36.8183799,surface,unknown,,24/7,public
6127848123,Sankara Hotel Car Park,-1.2622751,36.8027813,surface,yes,,24/7,customers
6171020686,Westlands Commercial Centre Car Park,-1.260429,36.8038372,surface,yes,,24/7,yes
6207546810,DRSRS Parking,-1.3222633,36.8360328,surface,unknown,,24/7,public
6207546864,2.5.4 Ole-sereni Parking,-1.3272101,36.8449167,surface,unknown,,24/7,public
6207581201,Vision Plaza Parking Lot,-1.3273514,36.8524338,surface,unknown,,24/7,public
6208217293,Kobil Parking,-1.3282874,36.8915057,surface,unknown,,24/7,public
6223194881,Oil Libya Plaza Parking,-1.2615373,36.8396949,surface,yes,,24/7,public
6247215836,Unnamed Parking,-1.250044,36.8649379,surface,unknown,,24/7,public
9354705932,Emara Ole-sereni Parking,-1.3266544,36.8464008,surface,unknown,,24/7,public
9485502152,Mara Road Car Park,-1.2992278,36.8109977,surface,unknown,,24/7,yes
9488826516,Geomaps- AFA Parking,-1.3037392,36.8139743,surface,unknown,,24/7,public
9754714125,Unnamed Parking,-1.2937997,36.8137573,surface,unknown,,24/7,public
10767847055,Unnamed Parking,-1.2852863,36.8131296,surface,unknown,,24/7,public
12886546503,Krona Park,-1.3355121,36.8918797,surface,unknown,,24/7,public
13594580455,Unnamed Parking,-1.2734805,36.8786574,surface,unknown,,24/7,unknown
13594580461,Unnamed Parking,-1.2736453,36.8797344,surface,unknown,,24/7,public
13594580468,Unnamed Parking,-1.265887,36.8840278,surface,no,,24/7,permissive
34061893,ABC Place Parking,-1.2596171,36.7770239,surface,unknown,,24/7,public
40421805,Unnamed Parking,-1.324666,36.8032064,surface,unknown,,24/7,public
50128543,Unnamed Parking,-1.2774832,36.8348991,surface,unknown,,24/7,public
56052349,Southern Sun Mayfair,-1.2630024,36.8070303,surface,unknown,,24/7,public
61888007,Unnamed Parking,-1.2997581,36.7908809,surface,yes,,24/7,public
61888008,Unnamed Parking,-1.3000866,36.7912126,surface,no,,24/7,customers
77869529,Lavington Mall,-1.2799426,36.7701821,street_side,yes,,24/7,customers
78234233,Nairobi Hospital car park,-1.2958335,36.8057412,surface,unknown,,24/7,public
79594658,Unnamed Parking,-1.280718,36.8163339,surface,unknown,,24/7,public
80342068,Unnamed Parking,-1.2715071,36.8069475,surface,unknown,,24/7,public
80342108,Unnamed Parking,-1.2729217,36.8067839,surface,unknown,,24/7,public
80342423,Unnamed Parking,-1.273409,36.8046689,surface,unknown,,24/7,public
80345483,Unnamed Parking,-1.2736268,36.8067166,surface,unknown,,24/7,public
80345486,Unnamed Parking,-1.2742933,36.8075671,surface,unknown,,24/7,public
80345492,Unnamed Parking,-1.2737455,36.8058097,surface,unknown,,24/7,public
80497196,Unnamed Parking,-1.2717389,36.8037643,surface,unknown,,24/7,public
86218279,Unnamed Parking,-1.2792967,36.878822,surface,unknown,,24/7,public
87624845,Unnamed Parking,-1.3376015,36.7687775,surface,unknown,,24/7,public
87632732,Mamba Village,-1.3331845,36.7513495,surface,unknown,,24/7,customers
88389016,Unnamed Parking,-1.2853069,36.8260832,surface,unknown,,24/7,public
93707185,Unnamed Parking,-1.3036877,36.7545841,surface,unknown,,24/7,public
94517897,Stepping Stones kindergarten,-1.3313147,36.7514563,surface,unknown,,24/7,public
94983819,KAPS Parking Yaya Center,-1.2932014,36.7874457,surface,unknown,,24/7,public
94987859,Valley Arcade Parking,-1.2902686,36.7701818,surface,no,,24/7,customers
94989506,Unnamed Parking,-1.2964416,36.7788747,surface,unknown,,24/7,public
94990207,Unnamed Parking,-1.2931573,36.7880462,surface,unknown,,24/7,public
95061987,Unnamed Parking,-1.2661217,36.8477875,surface,unknown,,24/7,public
95122003,Unnamed Parking,-1.273786,36.8139905,surface,unknown,,24/7,public
95122015,Unnamed Parking,-1.273377,36.8156736,surface,unknown,,24/7,public
95122020,Unnamed Parking,-1.2747665,36.8158648,surface,unknown,,24/7,public
95636614,Unnamed Parking,-1.316453,36.8343404,surface,unknown,,24/7,customers
95780935,Albadir,-1.2657786,36.8488568,surface,unknown,,24/7,public
95790445,Unnamed Parking,-1.3002882,36.7871854,surface,unknown,,24/7,public
95790447,Unnamed Parking,-1.2997376,36.7894958,surface,yes,,24/7,public
95790687,Unnamed Parking,-1.3012952,36.78003,surface,unknown,,24/7,public
95791246,Unnamed Parking,-1.2666248,36.7855642,surface,unknown,,24/7,public
95792156,Holy Trinity Catholic Church Car Park,-1.2823063,36.780211,surface,unknown,,24/7,public
95792724,Unnamed Parking,-1.2899774,36.7567014,surface,unknown,,24/7,public
97804272,chiefs camp,-1.2619383,36.8649355,surface,unknown,,24/7,public
113187440,Unnamed Parking,-1.2831061,36.8166694,surface,unknown,,24/7,public
123269047,Unnamed Parking,-1.291085,36.8284745,surface,unknown,,24/7,public
123617551,NSSF Parking Lot,-1.2901515,36.8128602,multi-storey,unknown,,24/7,public
125296284,Judiciary Car Park,-1.2871938,36.8236896,surface,unknown,,24/7,public
125296285,KenCom CarPark,-1.286552,36.8243483,surface,unknown,200,24/7,public
125298626,Taifa Road Parking B,-1.2879529,36.8250091,surface,unknown,,24/7,public
125299165,Unnamed Parking,-1.2874274,36.8293307,surface,unknown,,24/7,public
125300907,Unnamed Parking,-1.2903265,36.8264567,surface,unknown,,24/7,public
125300908,Unnamed Parking,-1.2911937,36.8281585,surface,unknown,,24/7,public
125645305,Unnamed Parking,-1.2822428,36.8326548,surface,unknown,,24/7,public
125687154,Unnamed Parking,-1.278926,36.8145473,surface,unknown,,24/7,public
125687155,Unnamed Parking,-1.2788068,36.815185,surface,unknown,,24/7,public
126341539,Lorry Park,-1.2804498,36.8443191,surface,unknown,,24/7,public
126903895,Green Belt Car Bazzar,-1.2783456,36.8232442,surface,yes,,24/7,public
128062279,Unnamed Parking,-1.2755111,36.8374948,surface,unknown,,24/7,public
128508147,Parking C,-1.2798249,36.8135204,surface,unknown,,24/7,public
128995078,Unnamed Parking,-1.2717263,36.8268762,surface,unknown,,24/7,public
128996199,Unnamed Parking,-1.2689561,36.8266605,surface,unknown,,24/7,public
128998864,Kenya Institute of Curriculum Development,-1.2713883,36.8275762,surface,unknown,,24/7,public
128998874,Unnamed Parking,-1.2707495,36.8258522,surface,unknown,,24/7,public
128998886,Unnamed Parking,-1.2715162,36.8277986,surface,unknown,,24/7,public
128998888,Unnamed Parking,-1.2709731,36.8250305,surface,unknown,,24/7,public
130042329,Unnamed Parking,-1.2671278,36.8374719,surface,unknown,,24/7,public
131484129,Unnamed Parking,-1.2780822,36.8489316,surface,unknown,,24/7,public
132161405,Unnamed Parking,-1.2951226,36.8507647,surface,unknown,,24/7,public
132161406,Unnamed Parking,-1.2945104,36.8504658,surface,unknown,,24/7,public
132956809,Unnamed Parking,-1.2905145,36.8371212,surface,unknown,,24/7,public
132956833,Unnamed Parking,-1.2919395,36.8376966,surface,unknown,,24/7,public
133146037,Dt Dobie Parking,-1.2978561,36.836081,surface,unknown,,24/7,public
133157623,Unnamed Parking,-1.3014879,36.831793,surface,unknown,,24/7,public
133157649,Unnamed Parking,-1.2998991,36.8329449,surface,unknown,,24/7,public
133548138,Unnamed Parking,-1.2685666,36.8174011,surface,unknown,,24/7,public
133548151,Dean and Lecturers Parking Lot,-1.2688899,36.8180584,street_side,unknown,,24/7,public
135338238,Unnamed Parking,-1.340967,36.7582111,surface,unknown,,24/7,public
135338244,CITAM Karen parking lot,-1.3405553,36.7591764,surface,unknown,,24/7,public
144060413,Doctors Plaza Parking,-1.2954966,36.8031364,surface,unknown,,24/7,customers
144112321,Strathmore Unviersity Phase II Parking Lot,-1.3099541,36.8137276,surface,unknown,,24/7,public
153567478,Unnamed Parking,-1.3136597,36.8572248,surface,unknown,,24/7,public
160272387,Galleria Parking Lot,-1.3430647,36.7650186,surface,unknown,,24/7,public
167271476,Unnamed Parking,-1.3004404,36.8147396,multi-storey,unknown,,24/7,public
202499579,Unnamed Parking,-1.3080939,36.7841672,surface,unknown,,24/7,public
202499580,Unnamed Parking,-1.3082961,36.7843802,surface,unknown,,24/7,public
224515604,Unnamed Parking,-1.2526745,36.8701461,surface,yes,1,24/7,yes
224515610,Unnamed Parking,-1.2544568,36.8670358,surface,yes,,24/7,customers
224515611,Unnamed Parking,-1.2523929,36.8692659,surface,yes,1,24/7,yes
226322141,Unnamed Parking,-1.2842621,36.7655817,surface,unknown,,24/7,public
226442362,Unnamed Parking,-1.3203658,36.7995836,surface,unknown,,24/7,public
238681877,Unnamed Parking,-1.2561743,36.8325524,surface,unknown,,24/7,public
238856245,Unnamed Parking,-1.2606662,36.7965372,surface,unknown,,24/7,public
238860182,Unnamed Parking,-1.2576734,36.8181261,surface,unknown,,24/7,public
239007380,Consolata Shrine Parking,-1.2670364,36.8033277,surface,unknown,,24/7,public
239143186,KAPS Parking Holy Family Basilica,-1.2875006,36.8200798,underground,yes,400,24/7,public
239938280,Impala Club Parking Lot,-1.3007773,36.7679522,surface,unknown,,24/7,public
239939682,Unnamed Parking,-1.2790903,36.8184555,surface,unknown,,24/7,public
241193404,K.I.C.C Car Park,-1.2886828,36.8209013,surface,unknown,,24/7,public
241570710,Unnamed Parking,-1.2926316,36.8190076,surface,unknown,,24/7,public
241571137,Ministry of Health Parking,-1.2909932,36.8146845,surface,unknown,,24/7,public
242427750,Unnamed Parking,-1.3029862,36.7740066,surface,unknown,,24/7,private
242428164,Unnamed Parking,-1.2650867,36.7997532,surface,unknown,,24/7,public
244391069,City Park Stadium Parking Lot,-1.2617688,36.8260581,surface,unknown,,24/7,public
244391409,Aga Khan University Hospital Parking,-1.2613517,36.8251904,surface,yes,500,24/7,permissive
245262956,Unnamed Parking,-1.3017683,36.8029581,surface,no,,24/7,customers
245264053,Don Bosco Church Parking,-1.3019293,36.820457,surface,unknown,,24/7,public
245700403,Green Park Self Help Group,-1.2655283,36.8480117,surface,no,,24/7,public
246935363,Unnamed Parking,-1.2855467,36.817755,surface,unknown,,24/7,public
247773424,Kenton Main Parking,-1.2787567,36.7885634,surface,unknown,,24/7,public
247828980,Unnamed Parking,-1.2816688,36.8129023,surface,unknown,,24/7,public
247896462,Unnamed Parking,-1.3001171,36.7547087,surface,unknown,,24/7,public
247896463,Unnamed Parking,-1.3000198,36.7543722,surface,unknown,,24/7,public
247896464,Unnamed Parking,-1.300259,36.7542781,surface,unknown,,24/7,public
247896465,Unnamed Parking,-1.3003432,36.7546087,surface,unknown,,24/7,public
248897159,Unnamed Parking,-1.261475,36.7963639,surface,unknown,,24/7,private
248992215,Mamlaka car park,-1.2802554,36.8100442,surface,unknown,,24/7,yes
248992300,ADD car park,-1.281071,36.8118146,surface,unknown,,24/7,yes
248992782,ADD parking,-1.2808017,36.8122337,surface,unknown,,24/7,public
248994452,Car park,-1.2777194,36.8116773,surface,unknown,,24/7,yes
248994836,Unnamed Parking,-1.2780602,36.8120329,street_side,unknown,,24/7,public
248995504,Unnamed Parking,-1.2783547,36.8122751,street_side,unknown,,24/7,public
251203939,Adams Arcade Parking,-1.3010542,36.7810935,surface,unknown,,24/7,public
254814024,Better Living Hospital Car Park,-1.2890868,36.8082241,surface,unknown,,24/7,public
254814025,LMS Guest House Car Park,-1.2888389,36.808386,surface,unknown,,24/7,public
254814026,Nairobi Central SDA Church - Maxwell Car Park,-1.2891189,36.8078189,surface,unknown,,24/7,public
254814027,Unnamed Parking,-1.2878153,36.8077563,surface,unknown,,24/7,public
257416296,Unnamed Parking,-1.2870395,36.88033,surface,unknown,,24/7,public
257420585,Unnamed Parking,-1.2879128,36.8813063,surface,unknown,,24/7,public
257420586,Unnamed Parking,-1.2875008,36.8811143,surface,unknown,,24/7,public
260915501,Unnamed Parking,-1.2970152,36.8948497,surface,unknown,50,24/7,permissive
260965997,Unnamed Parking,-1.3418877,36.7634137,surface,unknown,,24/7,public
265936949,Unnamed Parking,-1.336036,36.7878551,surface,unknown,,24/7,public
265937429,Unnamed Parking,-1.3351679,36.7886155,surface,unknown,,24/7,public
265937446,Unnamed Parking,-1.3324469,36.7839042,surface,unknown,,24/7,public
265937519,Unnamed Parking,-1.3364101,36.7795054,surface,no,,24/7,customers
265937670,Unnamed Parking,-1.3350691,36.7803895,surface,no,,24/7,yes
265939558,Unnamed Parking,-1.3318885,36.7825136,surface,unknown,,24/7,public
265939559,Unnamed Parking,-1.3321251,36.7820374,surface,unknown,,24/7,public
271393404,Unnamed Parking,-1.324913,36.8341003,surface,unknown,,24/7,public
271393405,Unnamed Parking,-1.3254014,36.8342281,surface,unknown,,24/7,public
271394056,Unnamed Parking,-1.3237508,36.8352828,surface,unknown,,24/7,public
271394065,Unnamed Parking,-1.3221847,36.835003,surface,unknown,,24/7,public
273247839,Unnamed Parking,-1.2535489,36.8611421,surface,unknown,,24/7,public
283725047,Unnamed Parking,-1.2897587,36.8289216,surface,unknown,,24/7,public
283725048,Athi River/Kitengela Bus Stage,-1.2891821,36.8281062,surface,unknown,,24/7,public
297314206,Nairobi Hospital Car Parking,-1.29617,36.8036707,surface,unknown,,24/7,public
310029007,Otiende Shopping Center Parking,-1.3235838,36.779773,surface,no,,24/7,public
332240213,Unnamed Parking,-1.3130979,36.8162827,surface,unknown,,24/7,public
332240214,Unnamed Parking,-1.312277,36.8166364,surface,unknown,,24/7,public
345275446,The Junction Mall Parking,-1.298592,36.7623015,surface,yes,,24/7,public
345275450,Unnamed Parking,-1.298828,36.7631084,surface,unknown,,24/7,public
364982321,Unnamed Parking,-1.3188932,36.8357571,surface,unknown,,24/7,public
364994364,Unnamed Parking,-1.31844,36.8557419,surface,unknown,,24/7,private
364995017,Unnamed Parking,-1.3186131,36.8563318,surface,unknown,,24/7,private
364997373,Unnamed Parking,-1.3180358,36.8550846,surface,unknown,,24/7,private
365004340,Unnamed Parking,-1.3233285,36.8488642,surface,unknown,,24/7,public
369097325,Unnamed Parking,-1.3272478,36.873767,surface,unknown,,24/7,public
369118069,Unnamed Parking,-1.3293476,36.8005112,surface,no,,24/7,customers
369123224,Unnamed Parking,-1.2889803,36.7567313,surface,unknown,,24/7,public
369279690,Unnamed Parking,-1.3199251,36.8469761,surface,unknown,,24/7,public
370307145,Unnamed Parking,-1.2864769,36.8109935,surface,unknown,,24/7,public
378441395,Unnamed Parking,-1.2579821,36.774095,surface,unknown,,24/7,public
382256363,Supa's Garage,-1.3064829,36.8341843,street_side,unknown,,24/7,public
387483416,Oil Libya Parking,-1.3000671,36.789935,surface,no,,24/7,customers
388048807,KNH Visitors' Parking,-1.301858,36.808386,surface,no,,24/7,public
398460912,Unnamed Parking,-1.2826368,36.8138545,surface,unknown,,24/7,public
401972799,Technical University Of Kenya Parking Lot,-1.2917829,36.8252698,surface,no,,24/7,yes
424089101,Unnamed Parking,-1.2771997,36.769028,surface,yes,,24/7,yes
431113688,Guru Nanak Hospital,-1.2696384,36.8320571,surface,unknown,,24/7,public
435091328,Unnamed Parking,-1.2941987,36.8175909,surface,unknown,,24/7,public
440010966,Unnamed Parking,-1.2854535,36.7900129,surface,unknown,,24/7,public
440010967,Unnamed Parking,-1.2856659,36.7898622,surface,unknown,,24/7,public
456319832,Unnamed Parking,-1.3254293,36.8321327,surface,unknown,,24/7,public
456320326,Unnamed Parking,-1.3242079,36.8303713,surface,unknown,,24/7,public
456331339,Unnamed Parking,-1.3214427,36.8367698,surface,unknown,,24/7,public
456332976,Unnamed Parking,-1.3291242,36.8324519,surface,unknown,,24/7,public
512302705,IFRC car parking space,-1.2884202,36.798543,surface,unknown,,24/7,private
512312764,IFRC employee car parking,-1.2886927,36.7984711,surface,unknown,,24/7,private
512903706,Sarit New Parking,-1.2612571,36.8008002,surface,unknown,,24/7,public
513625452,Unnamed Parking,-1.2940953,36.7795289,surface,unknown,,24/7,public
524758042,Unnamed Parking,-1.2576696,36.8372083,surface,unknown,,24/7,public
524758100,Unnamed Parking,-1.2513729,36.8630129,surface,unknown,,24/7,public
532822660,Cooperative parking lot,-1.2941068,36.8124136,surface,yes,,24/7,customers
542978092,Junction Parking,-1.2982333,36.763858,surface,unknown,,24/7,yes
552377741,Unnamed Parking,-1.2708272,36.7774916,surface,unknown,,24/7,public
553296216,Unnamed Parking,-1.2721018,36.8179596,surface,unknown,,24/7,public
554019570,Unnamed Parking,-1.2756556,36.8246712,surface,unknown,,24/7,public
554861654,Unnamed Parking,-1.2907505,36.769754,surface,unknown,,24/7,public
555080221,"Sikh Temple,Pangani",-1.268664,36.833704,surface,unknown,,24/7,public
557016947,Nyayo Stadium Parking Lot,-1.3026038,36.824607,surface,unknown,,24/7,public
557726171,Judiciary Parking Lot,-1.2941507,36.8138978,surface,unknown,,24/7,public
557726172,Leopard Beach Resort Parking Lot,-1.2933401,36.8159339,surface,unknown,,24/7,public
558314863,Unnamed Parking,-1.2906207,36.8098643,surface,unknown,,24/7,public
558314876,KNH Parking,-1.2995612,36.8052191,surface,unknown,,24/7,public
561740959,Telkom Plaza Parking,-1.2903524,36.8060262,surface,unknown,,24/7,public
563448741,Unnamed Parking,-1.316407,36.8147086,surface,yes,,24/7,public
563457466,Unnamed Parking,-1.2730652,36.8116242,surface,unknown,,24/7,public
563566523,Unnamed Parking,-1.3427593,36.7631702,surface,unknown,,24/7,public
564775721,All Africa Conference of Churches Car Park,-1.2603804,36.7875781,surface,unknown,,24/7,public
564775730,West End Car Parking,-1.259606,36.7830745,surface,unknown,,24/7,public
566687891,Jumuia Parking Lot,-1.2891809,36.7933253,underground,unknown,,24/7,public
569218725,Unnamed Parking,-1.2993846,36.7903009,surface,yes,,24/7,public
572087318,Kirinyaga Road Car Parking,-1.2792902,36.822233,surface,unknown,,24/7,yes
576016273,Victoria Court Parking,-1.2629991,36.806168,surface,unknown,,24/7,public
576018088,Eden Square Parking,-1.2683681,36.8064898,surface,unknown,,24/7,public
577395626,Standard Chartered Bank Parking,-1.2634475,36.8020118,surface,unknown,,24/7,customers
577395627,Westlands Square Parking,-1.2640697,36.8023613,surface,yes,,24/7,public
577395628,Westlands Square Parking,-1.263623,36.8022422,surface,yes,,24/7,yes
579848505,City Market Car Park,-1.2839117,36.8191082,surface,yes,,24/7,yes
581330829,Mpaka House Parking,-1.2650079,36.8041873,surface,unknown,,24/7,customers
581330832,Sclaters House Car Parking,-1.2636077,36.8089364,surface,no,,24/7,customers
583750105,Westgate Car Park,-1.257577,36.802764,surface,yes,,24/7,yes
595908532,Unnamed Parking,-1.2887967,36.7897607,surface,unknown,,24/7,public
598606250,Unnamed Parking,-1.2894485,36.7877147,surface,unknown,,24/7,public
613458329,Unnamed Parking,-1.2786362,36.8032312,surface,unknown,,24/7,public
647573869,Unnamed Parking,-1.2600144,36.8040967,surface,unknown,,24/7,public
660142142,Unnamed Parking,-1.2998235,36.7726604,surface,unknown,,24/7,public
663448833,Unnamed Parking,-1.2948722,36.7819846,surface,unknown,,24/7,public
664046292,City Hall Annexe Parking,-1.2863533,36.8209478,surface,unknown,,24/7,public
685275621,Unnamed Parking,-1.292454,36.7894766,surface,unknown,,24/7,public
686079976,Unnamed Parking,-1.2840134,36.8400039,surface,unknown,,24/7,public
686183956,Unnamed Parking,-1.2836887,36.816573,surface,unknown,,24/7,public
687434849,Unnamed Parking,-1.2874177,36.8235017,surface,unknown,,24/7,public
687438546,Unnamed Parking,-1.2912886,36.8259464,surface,unknown,,24/7,public
687439510,Unnamed Parking,-1.2919526,36.8208177,surface,unknown,,24/7,public
687440901,Unnamed Parking,-1.281525,36.8310059,surface,unknown,,24/7,public
687468463,Unnamed Parking,-1.2895412,36.826501,street_side,unknown,,24/7,public
688411407,Unnamed Parking,-1.3062205,36.849234,surface,unknown,,24/7,public
688412717,Unnamed Parking,-1.2909485,36.8375944,surface,unknown,,24/7,public
689149735,Unnamed Parking,-1.3041897,36.8301941,surface,unknown,,24/7,public
696914132,Unnamed Parking,-1.2807158,36.8179057,street_side,unknown,,24/7,customers
697927358,Unnamed Parking,-1.2840483,36.8198077,surface,unknown,,24/7,public
697943916,Unnamed Parking,-1.2866922,36.8208135,surface,unknown,,24/7,public
698527618,Unnamed Parking,-1.2676486,36.8230639,surface,unknown,,24/7,public
698896205,Unnamed Parking,-1.2681266,36.8227207,surface,unknown,,24/7,public
699886064,Unnamed Parking,-1.2820268,36.8171723,surface,unknown,,24/7,public
718173364,Unnamed Parking,-1.2516091,36.7562721,surface,unknown,,24/7,public
834182201,Unnamed Parking,-1.2982265,36.761742,surface,unknown,,24/7,public
859354013,Unnamed Parking,-1.2694217,36.8501191,surface,unknown,,24/7,public
859412315,Unnamed Parking,-1.2889455,36.7967066,surface,unknown,,24/7,public
859412316,Unnamed Parking,-1.2927684,36.7999673,surface,unknown,,24/7,public
860344832,Unnamed Parking,-1.2872645,36.8107418,surface,unknown,,24/7,public
860344834,Unnamed Parking,-1.2877973,36.8121381,surface,unknown,,24/7,public
860348936,Unnamed Parking,-1.2928014,36.8155122,surface,unknown,,24/7,public
881457077,Unnamed Parking,-1.2980992,36.8701348,surface,unknown,,24/7,public
881593877,Unnamed Parking,-1.3075184,36.7601701,surface,unknown,,24/7,public
881601162,Unnamed Parking,-1.301871,36.7622516,surface,unknown,,24/7,public
881601163,Unnamed Parking,-1.3010697,36.7622274,surface,unknown,,24/7,public
881601164,Unnamed Parking,-1.3002801,36.7622035,surface,unknown,,24/7,public
952524608,Unnamed Parking,-1.3410883,36.7571255,surface,unknown,,24/7,public
972912982,Unnamed Parking,-1.3106546,36.8392853,surface,unknown,,24/7,public
972912983,Unnamed Parking,-1.3107183,36.8394239,surface,unknown,,24/7,public
972912984,Unnamed Parking,-1.3107293,36.8394958,surface,unknown,,24/7,public
972912985,Unnamed Parking,-1.310739,36.839601,surface,unknown,,24/7,public
972912986,Unnamed Parking,-1.310746,36.8396855,surface,unknown,,24/7,public
980728885,Unnamed Parking,-1.2594006,36.8950339,surface,unknown,,24/7,public
995002788,Unnamed Parking,-1.2705904,36.8526537,surface,unknown,,24/7,public
995026217,Unnamed Parking,-1.3086835,36.8666188,surface,unknown,,24/7,public
995566500,Unnamed Parking,-1.3006158,36.8197907,surface,unknown,,24/7,public
996349646,Unnamed Parking,-1.2975994,36.7563983,surface,unknown,,24/7,public
1004221453,Unnamed Parking,-1.3204794,36.8099241,surface,unknown,,24/7,public
1004221454,Unnamed Parking,-1.3186284,36.81806,surface,unknown,,24/7,public
1004235752,Unnamed Parking,-1.3015528,36.8044991,surface,unknown,,24/7,public
1004235753,Unnamed Parking,-1.3000056,36.8044941,surface,unknown,,24/7,public
1004236610,KMTC Parking Yard,-1.2990676,36.8043518,surface,unknown,,24/7,public
1004297635,Unnamed Parking,-1.3146432,36.8076361,surface,unknown,,24/7,public
1004297636,Unnamed Parking,-1.3149046,36.8069838,surface,unknown,,24/7,public
1004297637,Unnamed Parking,-1.3144498,36.8071339,surface,unknown,,24/7,public
1004334863,Unnamed Parking,-1.3087071,36.812895,surface,unknown,,24/7,public
1004334864,Unnamed Parking,-1.3096015,36.812291,surface,unknown,,24/7,public
1004334865,Unnamed Parking,-1.3110358,36.8149006,surface,unknown,,24/7,public
1004334866,Unnamed Parking,-1.3106979,36.81514,surface,unknown,,24/7,public
1004334867,Unnamed Parking,-1.3102643,36.8141555,surface,unknown,,24/7,public
1004336473,Unnamed Parking,-1.3080255,36.835662,surface,unknown,,24/7,public
1004336474,Unnamed Parking,-1.3071314,36.8348198,street_side,unknown,,24/7,public
1004336475,Unnamed Parking,-1.3070754,36.8337221,street_side,unknown,,24/7,public
1005230664,Unnamed Parking,-1.2623309,36.8247284,surface,unknown,,24/7,public
1005230665,Unnamed Parking,-1.2617113,36.8225726,surface,unknown,,24/7,public
1017651874,Unnamed Parking,-1.2884981,36.7897644,surface,unknown,,24/7,public
1028879834,Mara Road Car Park,-1.299392,36.8111418,surface,unknown,,24/7,yes
1029216659,Geomaps- AFA Parking,-1.3036557,36.8139999,surface,unknown,,24/7,public
1052964218,Unnamed Parking,-1.2837611,36.7694825,surface,unknown,,24/7,private
1052985244,Unnamed Parking,-1.2879324,36.7623796,surface,unknown,,24/7,public
1053042709,Unnamed Parking,-1.2814683,36.7690889,surface,no,,24/7,customers
1053261122,Unnamed Parking,-1.2746819,36.7815088,surface,unknown,,24/7,public
1054762876,Unnamed Parking,-1.2804681,36.7698729,street_side,unknown,,24/7,public
1058070855,Yaya Centre parking,-1.2926226,36.7877538,multi-storey,unknown,,24/7,public
1061753490,Unnamed Parking,-1.293687,36.8134289,surface,unknown,,24/7,public
1061753907,Unnamed Parking,-1.2936797,36.81385,surface,unknown,,24/7,public
1061759679,Unnamed Parking,-1.2943133,36.8107304,surface,unknown,,24/7,public
1061760618,Unnamed Parking,-1.2942454,36.8098751,surface,unknown,,24/7,public
1061769499,Unnamed Parking,-1.2937848,36.8104893,surface,unknown,,24/7,public
1061773478,Unnamed Parking,-1.2938118,36.8121862,surface,unknown,,24/7,public
1082024939,Unnamed Parking,-1.2995787,36.7662343,surface,unknown,,24/7,public
1106135635,Unnamed Parking,-1.2867267,36.766167,surface,yes,,24/7,private
1106135636,Unnamed Parking,-1.2870816,36.7666417,surface,unknown,,24/7,private
1144642357,Unnamed Parking,-1.3055086,36.8038264,surface,yes,,24/7,customers
1147544484,Unnamed Parking,-1.2963932,36.7635963,street_side,unknown,,24/7,private
1147544485,Unnamed Parking,-1.2965317,36.7636941,surface,unknown,,24/7,private
1150961570,Unnamed Parking,-1.2852776,36.8209013,surface,unknown,,24/7,public
1157846328,Unnamed Parking,-1.2854901,36.8132631,surface,unknown,,24/7,public
1157846329,Unnamed Parking,-1.2860945,36.813179,surface,unknown,,24/7,public
1171087458,Unnamed Parking,-1.3257856,36.8025131,surface,unknown,,24/7,customers
1189977529,Unnamed Parking,-1.2900389,36.8239405,multi-storey,unknown,,24/7,public
1189977534,Unnamed Parking,-1.2898098,36.823641,surface,unknown,,24/7,public
1189979678,Old Mutual Tower,-1.2992471,36.8193797,multi-storey,unknown,,24/7,public
1205972611,Unnamed Parking,-1.2677542,36.7999354,surface,unknown,30,24/7,private
1211947927,Unnamed Parking,-1.2713263,36.7785107,surface,unknown,,24/7,public
1234596653,Unnamed Parking,-1.3013408,36.7926275,surface,unknown,,24/7,public
1239066559,Unnamed Parking,-1.298345,36.8023116,street_side,unknown,,24/7,public
1239066560,Unnamed Parking,-1.2982343,36.8023022,street_side,unknown,,24/7,public
1239349236,Unnamed Parking,-1.3018215,36.8041817,surface,unknown,,24/7,public
1279613654,Unnamed Parking,-1.2604218,36.826693,surface,unknown,,24/7,public
1310910106,Unnamed Parking,-1.328348,36.8033156,surface,unknown,,24/7,customers
1310910108,Unnamed Parking,-1.3286157,36.8038105,surface,unknown,,24/7,customers
1314218509,Unnamed Parking,-1.2641301,36.8009458,surface,unknown,,24/7,customers
1315363160,Unnamed Parking,-1.2733142,36.8142246,surface,unknown,,24/7,public
1371631766,Unnamed Parking,-1.2964084,36.7594706,surface,unknown,,24/7,public
1371631773,Unnamed Parking,-1.2968037,36.7600618,surface,unknown,,24/7,public
1371631776,Unnamed Parking,-1.2961228,36.7602312,surface,unknown,,24/7,public
1378964326,Unnamed Parking,-1.2677361,36.8085823,surface,unknown,,24/7,public
1412128799,Unnamed Parking,-1.30047,36.8127662,street_side,unknown,,24/7,public
1412128800,Unnamed Parking,-1.2996762,36.8129419,street_side,unknown,,24/7,public
1412128812,Unnamed Parking,-1.3004137,36.8132174,multi-storey,unknown,,24/7,public
1430821175,Unnamed Parking,-1.2725492,36.7928031,surface,unknown,,24/7,public
1430821176,Unnamed Parking,-1.2729078,36.7925336,surface,unknown,,24/7,public
1462818696,Unnamed Parking,-1.2713833,36.8802376,surface,unknown,,24/7,public
1475486402,Unnamed Parking,-1.2823965,36.817015,street_side,unknown,,24/7,public
1475486403,Unnamed Parking,-1.2821625,36.8168685,street_side,unknown,,24/7,public
1533941440,Unnamed Parking,-1.3313039,36.7900392,surface,unknown,,24/7,public
1533941442,Unnamed Parking,-1.332014,36.7926407,surface,unknown,,24/7,public
1544848858,Unnamed Parking,-1.2754184,36.8134783,surface,unknown,,24/7,public
1545977206,Unnamed Parking,-1.2874424,36.875054,surface,unknown,,24/7,public
1546991610,Unnamed Parking,-1.2927559,36.7889539,surface,unknown,,24/7,public
1547706891,Unnamed Parking,-1.2905274,36.8196906,street_side,unknown,,24/7,public
1547706892,Unnamed Parking,-1.290286,36.8204788,street_side,unknown,,24/7,public
1547706894,Unnamed Parking,-1.2901412,36.8206117,street_side,unknown,,24/7,public
1547706897,Unnamed Parking,-1.2901086,36.820685,street_sideQ3295867,unknown,,24/7,public
1547762849,Unnamed Parking,-1.3025894,36.8256065,street_side,unknown,,24/7,public
1547762850,Unnamed Parking,-1.3027788,36.8262717,surface,unknown,,24/7,public
1547762851,Unnamed Parking,-1.3031152,36.8264712,surface,unknown,,24/7,public
1547762852,Unnamed Parking,-1.3036966,36.8264918,surface,unknown,,24/7,public
1547762853,Unnamed Parking,-1.3042865,36.8270739,surface,unknown,,24/7,public
1547764674,Unnamed Parking,-1.3271509,36.8708477,street_side,unknown,,24/7,public
1547764675,Unnamed Parking,-1.3271343,36.8709666,street_side,unknown,,24/7,public
1547764676,Unnamed Parking,-1.3285729,36.8707235,street_side,unknown,,24/7,public
1547764677,Unnamed Parking,-1.3287021,36.8705942,street_side,unknown,,24/7,public
1547764678,Unnamed Parking,-1.3259514,36.8713261,surface,unknown,,24/7,public
1547764679,Unnamed Parking,-1.3261861,36.8721893,surface,unknown,,24/7,public
1547764685,Unnamed Parking,-1.3280529,36.8731034,surface,unknown,,24/7,public
1547764686,Unnamed Parking,-1.3286833,36.8722469,street_side,unknown,,24/7,public
1547764687,Unnamed Parking,-1.3287106,36.8719656,street_side,unknown,,24/7,public
1547764688,Unnamed Parking,-1.3288417,36.8719866,street_side,unknown,,24/7,public
1547764689,Unnamed Parking,-1.3289652,36.8716011,street_side,unknown,,24/7,public
1547764690,Unnamed Parking,-1.3288468,36.873145,surface,unknown,,24/7,public
1547874385,Unnamed Parking,-1.2893124,36.8254186,surface,unknown,,24/7,public
1547874388,Unnamed Parking,-1.2898309,36.825937,street_side,unknown,,24/7,public
1547874389,Unnamed Parking,-1.2885149,36.8269544,street_side,unknown,,24/7,public
1547874390,Unnamed Parking,-1.2884948,36.8270553,street_side,unknown,,24/7,public
1547874391,Unnamed Parking,-1.287116,36.826355,street_side,unknown,,24/7,public
1547916315,Unnamed Parking,-1.2856336,36.8294803,surface,unknown,,24/7,public
1548270241,Unnamed Parking,-1.2806952,36.817958,street_side,unknown,,24/7,customers
1548466193,Unnamed Parking,-1.3248996,36.8496229,surface,unknown,,24/7,public
1548466196,Unnamed Parking,-1.324735,36.848583,street_side,unknown,,24/7,public
1548466197,Unnamed Parking,-1.3249583,36.8486633,street_side,unknown,,24/7,public
1548466198,Unnamed Parking,-1.3237047,36.8485762,surface,unknown,,24/7,public
1548542855,Unnamed Parking,-1.2841444,36.817416,surface,unknown,,24/7,public
1548561323,Unnamed Parking,-1.3055027,36.7528386,surface,unknown,,24/7,public
1548802455,Unnamed Parking,-1.289281,36.8267821,street_side,unknown,,24/7,public
1548810595,Unnamed Parking,-1.2673176,36.8173178,street_side,unknown,,24/7,public
1548810596,Unnamed Parking,-1.267436,36.8175327,street_side,unknown,,24/7,public
1548810597,Unnamed Parking,-1.2675626,36.817291,street_side,unknown,,24/7,public
1548810599,Unnamed Parking,-1.2672039,36.8167411,surface,unknown,,24/7,public
1548810600,Unnamed Parking,-1.2669423,36.8169276,street_side,unknown,,24/7,public
1548948006,Unnamed Parking,-1.2883884,36.8241616,surface,unknown,,24/7,public
1549023644,Unnamed Parking,-1.2999666,36.7934449,surface,unknown,,24/7,public
1549023645,Unnamed Parking,-1.2985928,36.7959956,surface,unknown,,24/7,public
1549023646,Unnamed Parking,-1.2985999,36.796286,surface,unknown,,24/7,public
1549023647,Unnamed Parking,-1.2985218,36.7965001,surface,unknown,,24/7,public
1549025709,Unnamed Parking,-1.2988575,36.8076736,surface,unknown,,24/7,public
1549025710,Unnamed Parking,-1.2993436,36.8085362,surface,unknown,,24/7,public
1549029426,Unnamed Parking,-1.3266,36.8484009,street_side,unknown,,24/7,public
1549267516,Unnamed Parking,-1.2894048,36.8236202,street_side,unknown,,24/7,public
1549267525,Unnamed Parking,-1.286916,36.8227858,street_side,unknown,,24/7,public
1549267526,Unnamed Parking,-1.2870067,36.82284,street_side,unknown,,24/7,public
1549273027,Unnamed Parking,-1.2895015,36.8218114,street_side,unknown,,24/7,public
1549273028,Unnamed Parking,-1.2894452,36.8217674,street_side,unknown,,24/7,public
1549273029,Unnamed Parking,-1.2893413,36.8217688,street_side,unknown,,24/7,public
1549274244,Laico Regency parking,-1.2847076,36.8169825,surface,unknown,,24/7,public
1549741562,Unnamed Parking,-1.2832197,36.8240141,surface,unknown,,24/7,public
1550078330,Unnamed Parking,-1.2973975,36.8129392,surface,unknown,,24/7,public
1550082489,Unnamed Parking,-1.2900636,36.820763,street_side,unknown,,24/7,public
1550082494,Unnamed Parking,-1.2900473,36.8266244,street_side,unknown,,24/7,public
1550082495,Unnamed Parking,-1.2899196,36.8270927,street_side,unknown,,24/7,public
1550082496,Unnamed Parking,-1.2900295,36.8273336,street_side,unknown,,24/7,public
1550082497,Unnamed Parking,-1.2905581,36.8273886,street_side,unknown,,24/7,public
1550082498,Unnamed Parking,-1.2906855,36.8275412,street_side,unknown,,24/7,public
1550082499,Unnamed Parking,-1.2908531,36.8273676,street_side,unknown,,24/7,public
1550082500,Unnamed Parking,-1.2912064,36.827702,street_side,unknown,,24/7,public
1550083504,Unnamed Parking,-1.3071534,36.8346925,street_side,unknown,,24/7,public
1550276794,Unnamed Parking,-1.2826131,36.7667705,street_side,unknown,,24/7,public
1550276796,Unnamed Parking,-1.2828333,36.7665073,street_side,unknown,,24/7,public
1550276797,Unnamed Parking,-1.280604,36.7695421,surface,unknown,,24/7,public
1550276798,Unnamed Parking,-1.280155,36.7696583,street_side,unknown,,24/7,public
1550276799,Unnamed Parking,-1.2798468,36.7703432,street_side,unknown,,24/7,public
1550276800,Unnamed Parking,-1.2789305,36.7705765,street_side,unknown,,24/7,public
1550276801,Unnamed Parking,-1.2791112,36.7704659,street_side,unknown,,24/7,public
1550276802,Unnamed Parking,-1.2787807,36.7707029,street_side,unknown,,24/7,public
1550276803,Unnamed Parking,-1.2787194,36.7707348,street_side,unknown,,24/7,public
1550276804,Unnamed Parking,-1.2788926,36.7707457,street_side,unknown,,24/7,public
1550276805,Unnamed Parking,-1.2791386,36.7702843,surface,unknown,,24/7,public
1550293884,Unnamed Parking,-1.2986032,36.8260012,surface,unknown,,24/7,public
1550329422,Unnamed Parking,-1.3033756,36.829947,street_side,unknown,,24/7,public
1550329423,Unnamed Parking,-1.3028636,36.8309549,street_side,unknown,,24/7,public
1550329424,Unnamed Parking,-1.3033846,36.8302347,street_side,unknown,,24/7,public
1550329425,Unnamed Parking,-1.3044173,36.8308871,surface,unknown,,24/7,public
1550329426,Unnamed Parking,-1.3048249,36.8301761,surface,unknown,,24/7,public
1550329428,Unnamed Parking,-1.3052961,36.8393059,street_side,unknown,,24/7,public
1550329429,Unnamed Parking,-1.3053841,36.8393676,street_side,unknown,,24/7,public
1550329430,Unnamed Parking,-1.3052274,36.8391124,street_side,unknown,,24/7,public
1550656747,Unnamed Parking,-1.3303942,36.8641324,street_side,unknown,,24/7,public
1550656748,Unnamed Parking,-1.3301889,36.8663917,street_side,unknown,,24/7,public
1550656749,Unnamed Parking,-1.3302583,36.8651603,street_side,unknown,,24/7,public
1550656750,Unnamed Parking,-1.3301182,36.8661856,street_side,unknown,,24/7,public
1550656751,Unnamed Parking,-1.3299754,36.8672234,street_side,unknown,,24/7,public
1550656752,Unnamed Parking,-1.3298401,36.8682286,street_side,unknown,,24/7,public
1550656753,Unnamed Parking,-1.3295443,36.869246,street_side,unknown,,24/7,public
1550656754,Unnamed Parking,-1.3295287,36.8693011,street_side,unknown,,24/7,public
1550656755,Unnamed Parking,-1.3289241,36.8693647,surface,unknown,,24/7,public
1550657962,Unnamed Parking,-1.3305356,36.8630963,surface,unknown,,24/7,public
1550657963,Unnamed Parking,-1.3303347,36.8627339,street_side,unknown,,24/7,public
1550657964,Unnamed Parking,-1.3301331,36.8633672,street_side,unknown,,24/7,public
1550657965,Unnamed Parking,-1.3298516,36.8631307,street_side,unknown,,24/7,public
1550657967,Unnamed Parking,-1.3306497,36.8623681,street_side,unknown,,24/7,public
1550657968,Unnamed Parking,-1.330492,36.8627014,street_side,unknown,,24/7,public
1550660256,Unnamed Parking,-1.3308165,36.8605266,street_side,unknown,,24/7,public
1550660257,Unnamed Parking,-1.3305888,36.8600062,surface,unknown,,24/7,public
1550660258,Unnamed Parking,-1.3306975,36.860731,street_side,unknown,,24/7,public
1550660259,Unnamed Parking,-1.3297307,36.8606122,surface,unknown,,24/7,public
1550660821,Unnamed Parking,-1.3289241,36.8709662,street_side,unknown,,24/7,public
1550749752,Unnamed Parking,-1.2860231,36.791122,street_side,unknown,,24/7,public
1550834787,Unnamed Parking,-1.2885495,36.8227608,street_side,unknown,,24/7,public
1550834788,Unnamed Parking,-1.2885048,36.8227402,street_side,unknown,,24/7,public
1552250767,Unnamed Parking,-1.2945791,36.8759123,street_side,unknown,,24/7,public
1552250768,Unnamed Parking,-1.2944787,36.8758933,street_side,unknown,,24/7,public
1552250769,Unnamed Parking,-1.2950469,36.875964,surface,unknown,,24/7,public
